date,entry,mood
2020-08-01,"Had a great day at the park with friends. The weather was perfect!",happy
2020-08-02,"Feeling a bit stressed about the upcoming exams. Lots of work to do.",stressed
2020-08-03,"Spent the day relaxing at home. Watched a movie and read a book.",content
2020-08-04,"Had an argument with a close friend. Feeling a bit down.",sad
2020-08-05,"Got a promotion at work! Feeling excited and proud.",happy
2020-08-06,"Struggled with a challenging project today. It's been tough.",frustrated
2020-08-07,"Enjoyed a quiet day at the beach. It was very peaceful.",calm
2020-08-08,"Had a productive day at work and a nice dinner with family.",content
2020-08-09,"Feeling anxious about a big presentation tomorrow.",anxious
2020-08-10,"Spent the day hiking and exploring nature. Feeling rejuvenated.",happy
2020-08-11,"Had a busy day running errands and catching up on chores.",tired
2020-08-12,"Feeling overwhelmed by the amount of tasks on my to-do list.",overwhelmed
2020-08-13,"Had a relaxing spa day. Feeling refreshed and relaxed.",relaxed
2020-08-14,"Dealing with some personal issues. Feeling a bit low.",sad
2020-08-15,"Caught up with old friends over video calls. It was uplifting.",happy
2020-08-16,"Had a productive meeting at work. Feeling accomplished.",happy
2020-08-17,"Felt under the weather today. Resting at home.",sick
2020-08-18,"Went out for brunch with family. It was a delightful day.",happy
2020-08-19,"Had a stressful day with tight deadlines at work.",stressed
2020-08-20,"Completed a challenging project at work. Feeling relieved.",content
2020-08-21,"Spent time working on a hobby. It was enjoyable and relaxing.",content
2020-08-22,"Had an argument with a colleague. Feeling frustrated.",frustrated
2020-08-23,"Enjoyed a day out exploring the city. Feeling energized.",happy
2020-08-24,"Had a busy day with lots of meetings. Feeling tired.",tired
2020-08-25,"Watched a documentary and learned a lot. Feeling intellectually stimulated.",content
2020-08-26,"Had a rough day with unexpected issues. Feeling overwhelmed.",overwhelmed
2020-08-27,"Had a fun game night with friends. Feeling joyful.",happy
2020-08-28,"Felt a bit anxious about upcoming changes at work.",anxious
2020-08-29,"Had a productive day organizing and planning. Feeling motivated.",happy
2020-08-30,"Spent time volunteering for a good cause. Feeling fulfilled.",happy
2020-08-31,"Felt a bit down after a long week. Looking forward to the weekend.",sad
2020-09-01,"Had a relaxing day with a good book. Feeling peaceful.",calm
2020-09-02,"Enjoyed a quiet day at home. It was a nice break.",content
2020-09-03,"Had a busy day with lots of errands. Feeling a bit stressed.",stressed
2020-09-04,"Caught up on some much-needed rest. Feeling refreshed.",relaxed
2020-09-05,"Had an enjoyable day exploring new hobbies. Feeling happy.",happy
2020-09-06,"Had a tense meeting at work. Feeling anxious.",anxious
2020-09-07,"Spent the day with family. It was heartwarming.",happy
2020-09-08,"Struggled with a challenging problem. Feeling frustrated.",frustrated
2020-09-09,"Had a pleasant day outdoors. Feeling rejuvenated.",happy
2020-09-10,"Worked on a new project and made progress. Feeling content.",content
2020-09-11,"Dealing with some personal challenges. Feeling low.",sad
2020-09-12,"Had a productive day at work. Feeling accomplished.",happy
2020-09-13,"Caught up with an old friend. It was uplifting.",happy
2020-09-14,"Felt a bit overwhelmed with work tasks. Trying to manage stress.",overwhelmed
2020-09-15,"Enjoyed a quiet day of relaxation. Feeling calm.",calm
2020-09-16,"Had an intense workout session. Feeling energized.",happy
2020-09-17,"Had a stressful day with tight deadlines. Feeling stressed.",stressed
2020-09-18,"Spent the day with loved ones. It was fulfilling.",happy
2020-09-19,"Feeling anxious about upcoming decisions. Trying to stay positive.",anxious
2020-09-20,"Had a relaxing evening with a good book. Feeling content.",content
2020-09-21,"Felt a bit down after a tough week. Looking forward to rest.",sad
2020-09-22,"Had a fun day trying out new recipes. Feeling accomplished.",happy
2020-09-23,"Enjoyed a day off with nothing planned. Feeling relaxed.",relaxed
2020-09-24,"Had a busy day with lots of meetings. Feeling tired.",tired
2020-09-25,"Worked on a creative project and made progress. Feeling inspired.",happy
2020-09-26,"Had a challenging day with some setbacks. Feeling frustrated.",frustrated
2020-09-27,"Spent the day with family. Feeling loved and happy.",happy
2020-09-28,"Had a peaceful day with some quiet time. Feeling calm.",calm
2020-09-29,"Had an intense workday. Feeling exhausted.",tired
2020-09-30,"Felt a bit anxious about upcoming events. Trying to stay calm.",anxious
2020-10-01,"Enjoyed a productive day at work. Feeling satisfied.",happy
2020-10-02,"Had a rough day dealing with unexpected issues. Feeling overwhelmed.",overwhelmed
2020-10-03,"Spent the day with a friend. It was enjoyable and fun.",happy
2020-10-04,"Felt a bit down after a challenging week. Looking forward to relaxation.",sad
2020-10-05,"Had a great day exploring a new city. Feeling excited.",happy
2020-10-06,"Worked on organizing my space. Feeling accomplished.",happy
2020-10-07,"Felt anxious about upcoming deadlines. Trying to stay focused.",anxious
2020-10-08,"Had a relaxing evening with a good movie. Feeling content.",content
2020-10-09,"Had a stressful day with lots of work. Feeling stressed.",stressed
2020-10-10,"Enjoyed a day out in nature. Feeling rejuvenated.",happy
2020-10-11,"Had a busy day running errands. Feeling tired.",tired
2020-10-12,"Spent the day doing nothing in particular. Feeling relaxed.",relaxed
2020-10-13,"Had a productive day working on a project. Feeling happy.",happy
2020-10-14,"Had a tough day with lots of challenges. Feeling frustrated.",frustrated
2020-10-15,"Enjoyed a quiet day at home. Feeling calm.",calm
2020-10-16,"Had a fun day with friends. Feeling joyful.",happy
2020-10-17,"Dealing with some personal issues. Feeling low.",sad
2020-10-18,"Had a productive day at work. Feeling content.",content
2020-10-19,"Feeling anxious about upcoming changes. Trying to stay positive.",anxious
2020-10-20,"Spent time doing a favorite hobby. Feeling fulfilled.",happy
2020-10-21,"Had a relaxing day with a good book. Feeling peaceful.",calm
2020-10-22,"Worked on a challenging task. Feeling accomplished.",happy
2020-10-23,"Had a busy day with lots of work. Feeling tired.",tired
2020-10-24,"Enjoyed a fun activity with friends. Feeling happy.",happy
2020-10-25,"Felt a bit overwhelmed with personal issues. Trying to manage stress.",overwhelmed
2020-10-26,"Spent a peaceful day outdoors. Feeling rejuvenated.",happy
2020-10-27,"Had a rough day with unexpected challenges. Feeling frustrated.",frustrated
2020-10-28,"Enjoyed a relaxing day at home. Feeling content.",content
2020-10-29,"Had a busy day with lots of tasks. Feeling tired.",tired
2020-10-30,"Spent time on a creative project. Feeling inspired.",happy
2020-10-31,"Had a stressful day with tight deadlines. Feeling stressed.",stressed
2020-11-01,"Started a new book today. Feeling excited about it.",happy
2020-11-02,"Had a challenging day at work with some setbacks. Feeling frustrated.",frustrated
2020-11-03,"Enjoyed a relaxing day at home. Feeling calm.",calm
2020-11-04,"Had a productive day working on a new project. Feeling accomplished.",happy
2020-11-05,"Felt a bit overwhelmed by the amount of tasks. Trying to manage stress.",overwhelmed
2020-11-06,"Spent the day with family. It was heartwarming and joyful.",happy
2020-11-07,"Had a busy day running errands. Feeling tired.",tired
2020-11-08,"Had a relaxing evening with a good movie. Feeling content.",content
2020-11-09,"Feeling anxious about upcoming events. Trying to stay positive.",anxious
2020-11-10,"Enjoyed a peaceful day outdoors. Feeling refreshed.",calm
2020-11-11,"Had a fun day exploring new activities. Feeling happy.",happy
2020-11-12,"Dealing with some personal issues. Feeling a bit low.",sad
2020-11-13,"Had a productive day at work. Feeling satisfied.",happy
2020-11-14,"Felt a bit stressed about upcoming deadlines. Trying to stay focused.",stressed
2020-11-15,"Spent time on a creative project. Feeling inspired.",happy
2020-11-16,"Had a relaxing day with nothing planned. Feeling content.",content
2020-11-17,"Had a busy day with lots of meetings. Feeling exhausted.",tired
2020-11-18,"Feeling anxious about a big presentation tomorrow. Trying to prepare well.",anxious
2020-11-19,"Enjoyed a quiet day at home. Feeling calm and relaxed.",calm
2020-11-20,"Had a challenging day with lots of work. Feeling frustrated.",frustrated
2020-11-21,"Spent the day catching up with friends. Feeling joyful.",happy
2020-11-22,"Had a productive day working on a project. Feeling accomplished.",happy
2020-11-23,"Feeling a bit overwhelmed with personal tasks. Trying to manage stress.",overwhelmed
2020-11-24,"Enjoyed a peaceful day at the park. Feeling rejuvenated.",happy
2020-11-25,"Had a busy day running errands. Feeling tired.",tired
2020-11-26,"Had a great time at a social event. Feeling happy and uplifted.",happy
2020-11-27,"Spent the day organizing and planning. Feeling motivated.",happy
2020-11-28,"Feeling a bit anxious about upcoming changes at work. Trying to stay positive.",anxious
2020-11-29,"Had a relaxing day with a good book. Feeling content.",content
2020-11-30,"Had a rough day dealing with unexpected issues. Feeling overwhelmed.",overwhelmed
2020-12-01,"Enjoyed a quiet day with family. Feeling fulfilled.",happy
2020-12-02,"Spent the day working on a new hobby. Feeling inspired.",happy
2020-12-03,"Had a stressful day with tight deadlines. Feeling stressed.",stressed
2020-12-04,"Had a productive day at work. Feeling satisfied and accomplished.",happy
2020-12-05,"Feeling a bit low after a challenging week. Looking forward to the weekend.",sad
2020-12-06,"Spent the day relaxing at home. Feeling calm and peaceful.",calm
2020-12-07,"Had a busy day with lots of meetings. Feeling tired.",tired
2020-12-08,"Enjoyed a day out exploring the city. Feeling happy.",happy
2020-12-09,"Had a productive day working on a project. Feeling content.",content
2020-12-10,"Felt a bit overwhelmed by personal tasks. Trying to manage stress.",overwhelmed
2020-12-11,"Spent the day with friends. It was uplifting and enjoyable.",happy
2020-12-12,"Had a challenging day with lots of work. Feeling frustrated.",frustrated
2020-12-13,"Had a relaxing evening with family. Feeling content.",content
2020-12-14,"Feeling anxious about upcoming events. Trying to stay positive.",anxious
2020-12-15,"Enjoyed a peaceful day with some quiet time. Feeling calm.",calm
2020-12-16,"Had a busy day running errands. Feeling tired.",tired
2020-12-17,"Spent the day working on a creative project. Feeling inspired.",happy
2020-12-18,"Had a productive day at work. Feeling accomplished.",happy
2020-12-19,"Felt a bit stressed about personal tasks. Trying to manage stress.",stressed
2020-12-20,"Enjoyed a relaxing day with a good book. Feeling content.",content
2020-12-21,"Had a fun day exploring new hobbies. Feeling happy.",happy
2020-12-22,"Spent the day with loved ones. Feeling fulfilled and joyful.",happy
2020-12-23,"Had a rough day with unexpected challenges. Feeling overwhelmed.",overwhelmed
2020-12-24,"Felt a bit low after a busy week. Looking forward to relaxation.",sad
2020-12-25,"Enjoyed a wonderful holiday with family. Feeling joyful and happy.",happy
2020-12-26,"Had a peaceful day at home. Feeling calm and relaxed.",calm
2020-12-27,"Spent the day catching up on work. Feeling satisfied.",content
2020-12-28,"Feeling anxious about upcoming changes. Trying to stay positive.",anxious
2020-12-29,"Had a fun day with friends. Feeling happy and uplifted.",happy
2020-12-30,"Had a busy day preparing for the new year. Feeling tired but accomplished.",tired
2020-12-31,"Enjoyed reflecting on the past year and making plans for the future. Feeling hopeful and excited.",happy
2021-01-01,"Started the year with a relaxing day. Feeling refreshed and optimistic.",happy
2021-01-02,"Had a productive start to the year at work. Feeling accomplished.",happy
2021-01-03,"Felt a bit overwhelmed with the amount of tasks. Trying to manage stress.",overwhelmed
2021-01-04,"Spent the day working on a creative project. Feeling inspired.",happy
2021-01-05,"Had a relaxing day with some quiet time. Feeling content.",content
2021-01-06,"Had a busy day running errands. Feeling tired.",tired
2021-01-07,"Enjoyed a peaceful day outdoors. Feeling rejuvenated.",happy
2021-01-08,"Had a challenging day with unexpected issues. Feeling frustrated.",frustrated
2021-01-09,"Spent time with family. Feeling loved and happy.",happy
2021-01-10,"Had a productive day at work. Feeling accomplished.",happy
2021-01-11,"Feeling anxious about upcoming events. Trying to stay positive.",anxious
2021-01-12,"Enjoyed a relaxing evening with a good book. Feeling calm.",calm
2021-01-13,"Had a fun day exploring new activities. Feeling joyful.",happy
2021-01-14,"Had a busy day with lots of meetings. Feeling tired.",tired
2021-01-15,"Felt a bit stressed about work tasks. Trying to stay focused.",stressed
2021-01-16,"Had a productive day working on a project. Feeling satisfied.",happy
2021-01-17,"Enjoyed a day off with nothing planned. Feeling relaxed.",relaxed
2021-01-18,"Had a challenging day with some setbacks. Feeling frustrated.",frustrated
2021-01-19,"Spent the day working on a new hobby. Feeling inspired.",happy
2021-01-20,"Feeling a bit overwhelmed with personal tasks. Trying to manage stress.",overwhelmed
2021-01-21,"Had a fun day with friends. Feeling happy and uplifted.",happy
2021-01-22,"Spent the day organizing and planning. Feeling motivated.",happy
2021-01-23,"Felt a bit low after a challenging week. Looking forward to rest.",sad
2021-01-24,"Had a relaxing day with some quiet time. Feeling calm.",calm
2021-01-25,"Had a productive day at work. Feeling content.",happy
2021-01-26,"Felt anxious about upcoming deadlines. Trying to stay positive.",anxious
2021-01-27,"Enjoyed a peaceful day at home. Feeling relaxed.",calm
2021-01-28,"Had a busy day with lots of tasks. Feeling tired.",tired
2021-01-29,"Had a fun day exploring new places. Feeling happy.",happy
2021-01-30,"Had a productive day working on a project. Feeling satisfied.",happy
2021-01-31,"Felt overwhelmed with personal issues. Trying to manage stress.",overwhelmed
2021-02-01,"Spent the day with loved ones. Feeling fulfilled and happy.",happy
2021-02-02,"Had a busy day with lots of meetings. Feeling exhausted.",tired
2021-02-03,"Enjoyed a relaxing day with a good movie. Feeling content.",content
2021-02-04,"Had a challenging day with unexpected setbacks. Feeling frustrated.",frustrated
2021-02-05,"Spent time on a creative project. Feeling inspired.",happy
2021-02-06,"Feeling anxious about upcoming events. Trying to stay positive.",anxious
2021-02-07,"Had a productive day working on a project. Feeling accomplished.",happy
2021-02-08,"Enjoyed a peaceful day outdoors. Feeling rejuvenated.",happy
2021-02-09,"Had a busy day running errands. Feeling tired.",tired
2021-02-10,"Spent the day relaxing at home. Feeling calm and content.",calm
2021-02-11,"Had a fun day with friends. Feeling happy and uplifted.",happy
2021-02-12,"Feeling a bit overwhelmed with tasks. Trying to manage stress.",overwhelmed
2021-02-13,"Had a productive day at work. Feeling satisfied.",happy
2021-02-14,"Enjoyed a relaxing evening with family. Feeling content.",content
2021-02-15,"Had a challenging day with lots of work. Feeling stressed.",stressed
2021-02-16,"Spent the day with loved ones. Feeling happy and fulfilled.",happy
2021-02-17,"Felt a bit low after a busy week. Looking forward to rest.",sad
2021-02-18,"Enjoyed a peaceful day at home. Feeling calm and relaxed.",calm
2021-02-19,"Had a busy day with lots of tasks. Feeling tired.",tired
2021-02-20,"Had a productive day working on a new project. Feeling inspired.",happy
2021-02-21,"Feeling anxious about upcoming deadlines. Trying to stay positive.",anxious
2021-02-22,"Had a fun day exploring new activities. Feeling happy.",happy
2021-02-23,"Enjoyed a relaxing day with some quiet time. Feeling content.",content
2021-02-24,"Spent the day with friends. Feeling joyful and uplifted.",happy
2021-02-25,"Had a challenging day with unexpected issues. Feeling frustrated.",frustrated
2021-02-26,"Had a productive day working on a project. Feeling accomplished.",happy
2021-02-27,"Feeling a bit overwhelmed with personal tasks. Trying to manage stress.",overwhelmed
2021-02-28,"Enjoyed a peaceful day outdoors. Feeling rejuvenated.",happy
2021-03-01,"Spent the day relaxing at home. Feeling calm and content.",calm
2021-03-02,"Had a busy day running errands. Feeling tired.",tired
2021-03-03,"Had a fun day with family. Feeling happy and fulfilled.",happy
2021-03-04,"Feeling anxious about upcoming events. Trying to stay positive.",anxious
2021-03-05,"Had a productive day working on a project. Feeling satisfied.",happy
2021-03-06,"Enjoyed a peaceful day at home. Feeling content.",calm
2021-03-07,"Had a challenging day with lots of work. Feeling stressed.",stressed
2021-03-08,"Spent the day with friends. Feeling joyful and uplifted.",happy
2021-03-09,"Had a relaxing evening with a good book. Feeling calm.",calm
2021-03-10,"Feeling a bit overwhelmed with personal tasks. Trying to manage stress.",overwhelmed
2021-03-11,"Had a productive day at work. Feeling accomplished.",happy
2021-03-12,"Enjoyed a peaceful day with some quiet time. Feeling content.",content
2021-03-13,"Had a busy day with lots of meetings. Feeling tired.",tired
2021-03-14,"Spent the day working on a new hobby. Feeling inspired.",happy
2021-03-15,"Felt anxious about upcoming deadlines. Trying to stay positive.",anxious
2021-03-16,"Had a fun day exploring new places. Feeling happy.",happy
2021-03-17,"Enjoyed a relaxing day at home. Feeling calm and content.",calm
2021-03-18,"Had a productive day working on a project. Feeling satisfied.",happy
2021-03-19,"Feeling a bit overwhelmed with tasks. Trying to manage stress.",overwhelmed
2021-03-20,"Had a challenging day with unexpected issues. Feeling frustrated.",frustrated
2021-03-21,"Spent the day with loved ones. Feeling happy and fulfilled.",happy
2021-03-22,"Had a busy day running errands. Feeling tired.",tired
2021-03-23,"Enjoyed a peaceful day with a good movie. Feeling content.",content
2021-03-24,"Had a productive day working on a creative project. Feeling inspired.",happy
2021-03-25,"Feeling anxious about upcoming events. Trying to stay positive.",anxious
2021-03-26,"Had a fun day with friends. Feeling joyful and uplifted.",happy
2021-03-27,"Spent the day relaxing at home. Feeling calm and content.",calm
2021-03-28,"Had a challenging day with lots of work. Feeling stressed.",stressed
2021-03-29,"Enjoyed a peaceful day outdoors. Feeling rejuvenated.",happy
2021-03-30,"Had a busy day with lots of tasks. Feeling tired.",tired
2021-03-31,"Spent the day with family. Feeling fulfilled and happy.",happy
2021-04-01,"Started the month with a relaxing day. Feeling refreshed and optimistic.",happy
2021-04-02,"Had a productive day at work. Feeling accomplished.",happy
2021-04-03,"Feeling a bit overwhelmed with personal tasks. Trying to manage stress.",overwhelmed
2021-04-04,"Spent the day working on a creative project. Feeling inspired.",happy
2021-04-05,"Had a relaxing day with some quiet time. Feeling content.",content
2021-04-06,"Had a busy day running errands. Feeling tired.",tired
2021-04-07,"Enjoyed a peaceful day outdoors. Feeling rejuvenated.",happy
2021-04-08,"Had a challenging day with unexpected setbacks. Feeling frustrated.",frustrated
2021-04-09,"Spent time with family. Feeling loved and happy.",happy
2021-04-10,"Had a productive day at work. Feeling accomplished.",happy
2021-04-11,"Feeling anxious about upcoming events. Trying to stay positive.",anxious
2021-04-12,"Enjoyed a relaxing evening with a good book. Feeling calm.",calm
2021-04-13,"Had a fun day exploring new activities. Feeling joyful.",happy
2021-04-14,"Had a busy day with lots of meetings. Feeling tired.",tired
2021-04-15,"Felt a bit stressed about work tasks. Trying to stay focused.",stressed
2021-04-16,"Had a productive day working on a project. Feeling satisfied.",happy
2021-04-17,"Enjoyed a day off with nothing planned. Feeling relaxed.",relaxed
2021-04-18,"Had a challenging day with some setbacks. Feeling frustrated.",frustrated
2021-04-19,"Spent the day working on a new hobby. Feeling inspired.",happy
2021-04-20,"Feeling a bit overwhelmed with personal tasks. Trying to manage stress.",overwhelmed
2021-04-21,"Had a fun day with friends. Feeling happy and uplifted.",happy
2021-04-22,"Spent the day organizing and planning. Feeling motivated.",happy
2021-04-23,"Felt a bit low after a challenging week. Looking forward to rest.",sad
2021-04-24,"Had a relaxing day with some quiet time. Feeling calm.",calm
2021-04-25,"Had a productive day at work. Feeling content.",happy
2021-04-26,"Felt anxious about upcoming deadlines. Trying to stay positive.",anxious
2021-04-27,"Enjoyed a peaceful day at home. Feeling relaxed.",calm
2021-04-28,"Had a busy day with lots of tasks. Feeling tired.",tired
2021-04-29,"Had a fun day exploring new places. Feeling happy.",happy
2021-04-30,"Had a productive day working on a project. Feeling satisfied.",happy
2021-05-01,"Started the month with a relaxing day. Feeling refreshed and optimistic.",happy
2021-05-02,"Had a productive day at work. Feeling accomplished.",happy
2021-05-03,"Feeling a bit overwhelmed with personal tasks. Trying to manage stress.",overwhelmed
2021-05-04,"Spent the day working on a creative project. Feeling inspired.",happy
2021-05-05,"Had a relaxing day with some quiet time. Feeling content.",content
2021-05-06,"Had a busy day running errands. Feeling tired.",tired
2021-05-07,"Enjoyed a peaceful day outdoors. Feeling rejuvenated.",happy
2021-05-08,"Had a challenging day with unexpected setbacks. Feeling frustrated.",frustrated
2021-05-09,"Spent time with family. Feeling loved and happy.",happy
2021-05-10,"Had a productive day at work. Feeling accomplished.",happy
2021-05-11,"Feeling anxious about upcoming events. Trying to stay positive.",anxious
2021-05-12,"Had a relaxing evening with a good book. Feeling calm.",calm
2021-05-13,"Had a fun day exploring new activities. Feeling joyful.",happy
2021-05-14,"Spent the day with friends. Feeling happy and uplifted.",happy
2021-05-15,"Had a busy day with lots of meetings. Feeling tired.",tired
2021-05-16,"Feeling a bit stressed about work tasks. Trying to stay focused.",stressed
2021-05-17,"Had a productive day working on a project. Feeling satisfied.",happy
2021-05-18,"Enjoyed a day off with nothing planned. Feeling relaxed.",relaxed
2021-05-19,"Had a challenging day with some setbacks. Feeling frustrated.",frustrated
2021-05-20,"Spent the day working on a new hobby. Feeling inspired.",happy
2021-05-21,"Feeling a bit overwhelmed with personal tasks. Trying to manage stress.",overwhelmed
2021-05-22,"Had a fun day with friends. Feeling happy and uplifted.",happy
2021-05-23,"Had a relaxing day with some quiet time. Feeling calm.",calm
2021-05-24,"Had a busy day with lots of tasks. Feeling tired.",tired
2021-05-25,"Enjoyed a peaceful day outdoors. Feeling rejuvenated.",happy
2021-05-26,"Had a productive day working on a creative project. Feeling inspired.",happy
2021-05-27,"Feeling anxious about upcoming deadlines. Trying to stay positive.",anxious
2021-05-28,"Spent the day with family. Feeling fulfilled and happy.",happy
2021-05-29,"Had a busy day running errands. Feeling tired.",tired
2021-05-30,"Had a fun day exploring new places. Feeling happy.",happy
2021-05-31,"Spent the day relaxing at home. Feeling calm and content.",calm
2021-06-01,"Had a relaxing day at the beach. Feeling rejuvenated.",happy
2021-06-02,"Spent the day working on a project. Feeling accomplished.",happy
2021-06-03,"Feeling a bit overwhelmed with tasks. Trying to manage stress.",overwhelmed
2021-06-04,"Had a fun day with friends. Feeling happy and uplifted.",happy
2021-06-05,"Enjoyed a peaceful day with a good book. Feeling content.",content
2021-06-06,"Had a busy day running errands. Feeling tired.",tired
2021-06-07,"Spent the day with family. Feeling fulfilled and happy.",happy
2021-06-08,"Feeling anxious about upcoming deadlines. Trying to stay positive.",anxious
2021-06-09,"Had a productive day at work. Feeling satisfied.",happy
2021-06-10,"Had a relaxing day at home. Feeling calm and content.",calm
2021-06-11,"Had a challenging day with unexpected issues. Feeling frustrated.",frustrated
2021-06-12,"Spent the day exploring new places. Feeling happy and inspired.",happy
2021-06-13,"Had a busy day with lots of meetings. Feeling tired.",tired
2021-06-14,"Enjoyed a peaceful evening with family. Feeling relaxed.",relaxed
2021-06-15,"Feeling a bit low after a busy week. Looking forward to rest.",sad
2021-06-16,"Had a fun day exploring new activities. Feeling joyful.",happy
2021-06-17,"Spent the day working on a creative project. Feeling inspired.",happy
2021-06-18,"Had a productive day at work. Feeling accomplished.",happy
2021-06-19,"Feeling anxious about upcoming events. Trying to stay positive.",anxious
2021-06-20,"Had a relaxing day with some quiet time. Feeling calm.",calm
2021-06-21,"Had a busy day running errands. Feeling tired.",tired
2021-06-22,"Enjoyed a peaceful day outdoors. Feeling rejuvenated.",happy
2021-06-23,"Spent the day with friends. Feeling happy and uplifted.",happy
2021-06-24,"Had a challenging day with unexpected setbacks. Feeling frustrated.",frustrated
2021-06-25,"Feeling a bit overwhelmed with tasks. Trying to manage stress.",overwhelmed
2021-06-26,"Had a productive day working on a project. Feeling satisfied.",happy
2021-06-27,"Had a fun day with family. Feeling joyful and fulfilled.",happy
2021-06-28,"Had a relaxing day at home. Feeling content.",calm
2021-06-29,"Spent the day exploring new activities. Feeling inspired.",happy
2021-06-30,"Had a busy day with lots of work. Feeling tired.",tired
2021-07-01,"Enjoyed a peaceful day with a good movie. Feeling content.",content
2021-07-02,"Had a productive day working on a project. Feeling accomplished.",happy
2021-07-03,"Feeling a bit anxious about upcoming deadlines. Trying to stay positive.",anxious
2021-07-04,"Had a relaxing day outdoors. Feeling rejuvenated.",happy
2021-07-05,"Spent the day with friends. Feeling joyful and uplifted.",happy
2021-07-06,"Had a challenging day with some setbacks. Feeling frustrated.",frustrated
2021-07-07,"Feeling a bit overwhelmed with personal tasks. Trying to manage stress.",overwhelmed
2021-07-08,"Had a productive day at work. Feeling satisfied.",happy
2021-07-09,"Enjoyed a peaceful evening at home. Feeling calm.",calm
2021-07-10,"Had a fun day exploring new hobbies. Feeling inspired.",happy
2021-07-11,"Feeling a bit stressed about upcoming deadlines. Trying to stay focused.",stressed
2021-07-12,"Spent the day relaxing at home. Feeling content.",calm
2021-07-13,"Had a busy day running errands. Feeling tired.",tired
2021-07-14,"Enjoyed a day off with nothing planned. Feeling relaxed.",relaxed
2021-07-15,"Had a challenging day with unexpected issues. Feeling frustrated.",frustrated
2021-07-16,"Had a productive day working on a project. Feeling accomplished.",happy
2021-07-17,"Spent time with family. Feeling loved and happy.",happy
2021-07-18,"Feeling anxious about upcoming events. Trying to stay positive.",anxious
2021-07-19,"Enjoyed a peaceful day with a good book. Feeling calm.",calm
2021-07-20,"Had a fun day with friends. Feeling joyful and uplifted.",happy
2021-07-21,"Had a busy day with lots of tasks. Feeling tired.",tired
2021-07-22,"Feeling a bit overwhelmed with personal tasks. Trying to manage stress.",overwhelmed
2021-07-23,"Spent the day working on a creative project. Feeling inspired.",happy
2021-07-24,"Had a relaxing day outdoors. Feeling rejuvenated.",happy
2021-07-25,"Had a challenging day with lots of work. Feeling stressed.",stressed
2021-07-26,"Enjoyed a peaceful evening with family. Feeling relaxed.",relaxed
2021-07-27,"Had a productive day at work. Feeling satisfied.",happy
2021-07-28,"Feeling a bit anxious about upcoming deadlines. Trying to stay positive.",anxious
2021-07-29,"Spent the day with friends. Feeling happy and uplifted.",happy
2021-07-30,"Had a busy day with lots of tasks. Feeling tired.",tired
2021-07-31,"Had a relaxing day at home. Feeling calm and content.",calm
2021-08-01,"Spent the day working on a project. Feeling accomplished.",happy
2021-08-02,"Had a challenging day with unexpected setbacks. Feeling frustrated.",frustrated
2021-08-03,"Enjoyed a peaceful day with a good movie. Feeling content.",content
2021-08-04,"Had a busy day running errands. Feeling tired.",tired
2021-08-05,"Had a productive day working on a new hobby. Feeling inspired.",happy
2021-08-06,"Feeling anxious about upcoming events. Trying to stay positive.",anxious
2021-08-07,"Spent the day with family. Feeling loved and happy.",happy
2021-08-08,"Had a relaxing day outdoors. Feeling rejuvenated.",happy
2021-08-09,"Had a busy day with lots of meetings. Feeling tired.",tired
2021-08-10,"Feeling a bit overwhelmed with tasks. Trying to manage stress.",overwhelmed
2021-08-11,"Had a productive day working on a project. Feeling satisfied.",happy
2021-08-12,"Enjoyed a peaceful evening at home. Feeling calm.",calm
2021-08-13,"Had a fun day exploring new activities. Feeling joyful.",happy
2021-08-14,"Had a busy day with lots of work. Feeling stressed.",stressed
2021-08-15,"Spent the day relaxing at home. Feeling calm and content.",calm
2021-08-16,"Feeling a bit low after a busy week. Looking forward to rest.",sad
2021-08-17,"Had a productive day working on a project. Feeling accomplished.",happy
2021-08-18,"Enjoyed a peaceful day with some quiet time. Feeling content.",content
2021-08-19,"Had a busy day running errands. Feeling tired.",tired
2021-08-20,"Feeling anxious about upcoming deadlines. Trying to stay positive.",anxious
2021-08-21,"Had a fun day with friends. Feeling happy and uplifted.",happy
2021-08-22,"Spent the day working on a creative project. Feeling inspired.",happy
2021-08-23,"Had a relaxing day with a good book. Feeling calm.",calm
2021-08-24,"Feeling a bit overwhelmed with tasks. Trying to manage stress.",overwhelmed
2021-08-25,"Had a productive day at work. Feeling satisfied.",happy
2021-08-26,"Enjoyed a peaceful day outdoors. Feeling rejuvenated.",happy
2021-08-27,"Had a busy day with lots of tasks. Feeling tired.",tired
2021-08-28,"Spent the day with family. Feeling fulfilled and happy.",happy
2021-08-29,"Feeling anxious about upcoming events. Trying to stay positive.",anxious
2021-08-30,"Had a fun day exploring new places. Feeling happy.",happy
2021-08-31,"Had a relaxing evening at home. Feeling calm and content.",calm
2021-09-01,"Had a relaxing day at the park. Feeling refreshed and happy.",happy
2021-09-02,"Spent the day working on a project. Feeling accomplished.",happy
2021-09-03,"Feeling a bit stressed about upcoming deadlines. Trying to stay focused.",stressed
2021-09-04,"Enjoyed a peaceful evening at home. Feeling calm and content.",calm
2021-09-05,"Had a fun day with friends. Feeling joyful and uplifted.",happy
2021-09-06,"Had a busy day with lots of meetings. Feeling tired.",tired
2021-09-07,"Feeling anxious about upcoming events. Trying to stay positive.",anxious
2021-09-08,"Spent the day with family. Feeling loved and happy.",happy
2021-09-09,"Had a productive day working on a creative project. Feeling inspired.",happy
2021-09-10,"Had a relaxing day with a good book. Feeling calm and content.",calm
2021-09-11,"Feeling a bit overwhelmed with personal tasks. Trying to manage stress.",overwhelmed
2021-09-12,"Had a fun day exploring new activities. Feeling joyful.",happy
2021-09-13,"Had a challenging day with some setbacks. Feeling frustrated.",frustrated
2021-09-14,"Spent the day relaxing at home. Feeling content.",calm
2021-09-15,"Had a busy day running errands. Feeling tired.",tired
2021-09-16,"Enjoyed a peaceful day outdoors. Feeling rejuvenated.",happy
2021-09-17,"Feeling anxious about upcoming deadlines. Trying to stay positive.",anxious
2021-09-18,"Had a productive day at work. Feeling satisfied.",happy
2021-09-19,"Had a relaxing evening with family. Feeling calm.",calm
2021-09-20,"Spent the day working on a new hobby. Feeling inspired.",happy
2021-09-21,"Feeling a bit stressed about work tasks. Trying to stay focused.",stressed
2021-09-22,"Had a fun day with friends. Feeling happy and uplifted.",happy
2021-09-23,"Had a busy day with lots of tasks. Feeling tired.",tired
2021-09-24,"Enjoyed a peaceful evening with a good movie. Feeling content.",content
2021-09-25,"Had a productive day working on a project. Feeling accomplished.",happy
2021-09-26,"Feeling a bit overwhelmed with tasks. Trying to manage stress.",overwhelmed
2021-09-27,"Spent the day with family. Feeling fulfilled and happy.",happy
2021-09-28,"Had a relaxing day at home. Feeling calm and content.",calm
2021-09-29,"Had a challenging day with unexpected issues. Feeling frustrated.",frustrated
2021-09-30,"Spent the day exploring new places. Feeling happy and inspired.",happy
2021-10-01,"Had a productive day at work. Feeling satisfied.",happy
2021-10-02,"Feeling anxious about upcoming deadlines. Trying to stay positive.",anxious
2021-10-03,"Enjoyed a peaceful day with some quiet time. Feeling calm.",calm
2021-10-04,"Had a fun day with friends. Feeling joyful and uplifted.",happy
2021-10-05,"Had a busy day running errands. Feeling tired.",tired
2021-10-06,"Spent the day working on a creative project. Feeling inspired.",happy
2021-10-07,"Feeling a bit overwhelmed with tasks. Trying to manage stress.",overwhelmed
2021-10-08,"Had a relaxing day at home. Feeling content.",calm
2021-10-09,"Had a productive day working on a new hobby. Feeling accomplished.",happy
2021-10-10,"Feeling anxious about upcoming events. Trying to stay positive.",anxious
2021-10-11,"Spent the day with family. Feeling loved and happy.",happy
2021-10-12,"Enjoyed a peaceful evening with a good book. Feeling relaxed.",relaxed
2021-10-13,"Had a busy day with lots of tasks. Feeling tired.",tired
2021-10-14,"Had a fun day exploring new activities. Feeling joyful.",happy
2021-10-15,"Feeling a bit stressed about work tasks. Trying to stay focused.",stressed
2021-10-16,"Had a productive day at work. Feeling satisfied.",happy
2021-10-17,"Spent the day with friends. Feeling happy and uplifted.",happy
2021-10-18,"Had a challenging day with unexpected setbacks. Feeling frustrated.",frustrated
2021-10-19,"Enjoyed a peaceful day outdoors. Feeling rejuvenated.",happy
2021-10-20,"Had a relaxing day at home. Feeling calm and content.",calm
2021-10-21,"Feeling anxious about upcoming deadlines. Trying to stay positive.",anxious
2021-10-22,"Had a fun day with family. Feeling joyful and fulfilled.",happy
2021-10-23,"Had a busy day running errands. Feeling tired.",tired
2021-10-24,"Spent the day working on a creative project. Feeling inspired.",happy
2021-10-25,"Feeling a bit overwhelmed with personal tasks. Trying to manage stress.",overwhelmed
2021-10-26,"Had a productive day at work. Feeling accomplished.",happy
2021-10-27,"Enjoyed a peaceful evening with a good movie. Feeling content.",content
2021-10-28,"Had a fun day with friends. Feeling happy and uplifted.",happy
2021-10-29,"Had a busy day with lots of tasks. Feeling tired.",tired
2021-10-30,"Spent the day relaxing at home. Feeling calm and content.",calm
2021-10-31,"Feeling anxious about upcoming events. Trying to stay positive.",anxious
2021-11-01,"Had a productive day working on a new project. Feeling inspired.",happy
2021-11-02,"Enjoyed a peaceful day with some quiet time. Feeling relaxed.",relaxed
2021-11-03,"Had a challenging day with unexpected issues. Feeling frustrated.",frustrated
2021-11-04,"Spent the day with family. Feeling loved and happy.",happy
2021-11-05,"Had a fun day exploring new activities. Feeling joyful.",happy
2021-11-06,"Feeling a bit stressed about work tasks. Trying to stay focused.",stressed
2021-11-07,"Had a relaxing day at home. Feeling calm and content.",calm
2021-11-08,"Spent the day working on a creative project. Feeling accomplished.",happy
2021-11-09,"Had a busy day with lots of errands. Feeling tired.",tired
2021-11-10,"Feeling anxious about upcoming deadlines. Trying to stay positive.",anxious
2021-11-11,"Had a fun day with friends. Feeling joyful and uplifted.",happy
2021-11-12,"Enjoyed a peaceful evening with a good book. Feeling content.",content
2021-11-13,"Had a productive day at work. Feeling satisfied.",happy
2021-11-14,"Spent the day with family. Feeling fulfilled and happy.",happy
2021-11-15,"Had a busy day running errands. Feeling tired.",tired
2021-11-16,"Feeling a bit overwhelmed with tasks. Trying to manage stress.",overwhelmed
2021-11-17,"Had a relaxing day at home. Feeling calm and content.",calm
2021-11-18,"Had a productive day working on a new project. Feeling accomplished.",happy
2021-11-19,"Spent the day exploring new places. Feeling inspired.",happy
2021-11-20,"Had a busy day with lots of work. Feeling stressed.",stressed
2021-11-21,"Enjoyed a peaceful day outdoors. Feeling rejuvenated.",happy
2021-11-22,"Had a fun day with friends. Feeling happy and uplifted.",happy
2021-11-23,"Feeling anxious about upcoming deadlines. Trying to stay positive.",anxious
2021-11-24,"Had a relaxing day with some quiet time. Feeling calm.",calm
2021-11-25,"Spent the day with family. Feeling loved and happy.",happy
2021-11-26,"Had a challenging day with unexpected setbacks. Feeling frustrated.",frustrated
2021-11-27,"Had a productive day working on a project. Feeling satisfied.",happy
2021-11-28,"Feeling a bit overwhelmed with personal tasks. Trying to manage stress.",overwhelmed
2021-11-29,"Enjoyed a peaceful evening with a good movie. Feeling content.",content
2021-11-30,"Had a fun day exploring new activities. Feeling joyful.",happy
2021-12-01,"Spent the day relaxing at home. Feeling calm and content.",calm
2021-12-02,"Had a productive day at work. Feeling accomplished.",happy
2021-12-03,"Feeling a bit stressed about upcoming deadlines. Trying to stay focused.",stressed
2021-12-04,"Enjoyed a peaceful evening with family. Feeling content.",content
2021-12-05,"Had a fun day with friends. Feeling joyful and uplifted.",happy
2021-12-06,"Had a busy day running errands. Feeling tired.",tired
2021-12-07,"Feeling anxious about an upcoming presentation. Trying to stay positive.",anxious
2021-12-08,"Had a relaxing day at the park. Feeling refreshed.",happy
2021-12-09,"Spent the day working on a new project. Feeling inspired.",happy
2021-12-10,"Feeling overwhelmed with a lot of tasks. Trying to manage stress.",overwhelmed
2021-12-11,"Had a productive day working on creative ideas. Feeling satisfied.",happy
2021-12-12,"Enjoyed a quiet evening with a good book. Feeling relaxed.",relaxed
2021-12-13,"Had a challenging day with some setbacks. Feeling frustrated.",frustrated
2021-12-14,"Spent the day with family. Feeling loved and happy.",happy
2021-12-15,"Had a fun day exploring new places. Feeling joyful and inspired.",happy
2021-12-16,"Feeling a bit stressed about work tasks. Trying to stay focused.",stressed
2021-12-17,"Had a productive day at work. Feeling accomplished.",happy
2021-12-18,"Spent the day with friends. Feeling happy and uplifted.",happy
2021-12-19,"Had a relaxing day at home. Feeling calm and content.",calm
2021-12-20,"Feeling anxious about upcoming deadlines. Trying to stay positive.",anxious
2021-12-21,"Had a fun day with family. Feeling joyful and fulfilled.",happy
2021-12-22,"Had a busy day running errands. Feeling tired.",tired
2021-12-23,"Enjoyed a peaceful evening with a good movie. Feeling content.",content
2021-12-24,"Had a productive day working on a creative project. Feeling inspired.",happy
2021-12-25,"Feeling a bit overwhelmed with tasks. Trying to manage stress.",overwhelmed
2021-12-26,"Had a relaxing day at home. Feeling calm and content.",calm
2021-12-27,"Spent the day with friends. Feeling happy and uplifted.",happy
2021-12-28,"Had a challenging day with unexpected issues. Feeling frustrated.",frustrated
2021-12-29,"Had a productive day at work. Feeling satisfied.",happy
2021-12-30,"Enjoyed a peaceful day with some quiet time. Feeling relaxed.",relaxed
2021-12-31,"Had a fun day exploring new activities. Feeling joyful and inspired.",happy
2022-01-01,"Spent the day celebrating New Year's. Feeling excited and hopeful.",happy
2022-01-02,"Had a productive day working on a new project. Feeling accomplished.",happy
2022-01-03,"Feeling a bit stressed about upcoming deadlines. Trying to stay positive.",anxious
2022-01-04,"Had a relaxing day at home. Feeling calm and content.",calm
2022-01-05,"Had a fun day with friends. Feeling joyful and uplifted.",happy
2022-01-06,"Had a busy day running errands. Feeling tired.",tired
2022-01-07,"Feeling anxious about an upcoming presentation. Trying to stay focused.",anxious
2022-01-08,"Had a productive day working on a creative project. Feeling inspired.",happy
2022-01-09,"Enjoyed a peaceful evening with family. Feeling content.",content
2022-01-10,"Had a challenging day with some setbacks. Feeling frustrated.",frustrated
2022-01-11,"Spent the day with family. Feeling loved and happy.",happy
2022-01-12,"Had a fun day exploring new places. Feeling joyful and uplifted.",happy
2022-01-13,"Feeling a bit stressed about work tasks. Trying to stay focused.",stressed
2022-01-14,"Had a productive day at work. Feeling satisfied.",happy
2022-01-15,"Spent the day with friends. Feeling happy and uplifted.",happy
2022-01-16,"Had a relaxing day at home. Feeling calm and content.",calm
2022-01-17,"Feeling anxious about upcoming deadlines. Trying to stay positive.",anxious
2022-01-18,"Had a fun day with family. Feeling joyful and fulfilled.",happy
2022-01-19,"Had a busy day running errands. Feeling tired.",tired
2022-01-20,"Enjoyed a peaceful evening with a good movie. Feeling content.",content
2022-01-21,"Had a productive day working on a creative project. Feeling inspired.",happy
2022-01-22,"Feeling a bit overwhelmed with tasks. Trying to manage stress.",overwhelmed
2022-01-23,"Had a relaxing day at home. Feeling calm and content.",calm
2022-01-24,"Spent the day with friends. Feeling happy and uplifted.",happy
2022-01-25,"Had a challenging day with unexpected issues. Feeling frustrated.",frustrated
2022-01-26,"Had a productive day at work. Feeling satisfied.",happy
2022-01-27,"Enjoyed a peaceful day with some quiet time. Feeling relaxed.",relaxed
2022-01-28,"Had a fun day exploring new activities. Feeling joyful and inspired.",happy
2022-01-29,"Feeling a bit stressed about work tasks. Trying to stay positive.",stressed
2022-01-30,"Had a relaxing day at home. Feeling calm and content.",calm
2022-01-31,"Spent the day with family. Feeling loved and happy.",happy
2022-02-01,"Had a productive day working on a new project. Feeling accomplished.",happy
2022-02-02,"Spent the day with friends. Feeling joyful and uplifted.",happy
2022-02-03,"Feeling a bit stressed about upcoming deadlines. Trying to stay focused.",stressed
2022-02-04,"Enjoyed a peaceful evening with family. Feeling content.",content
2022-02-05,"Had a fun day exploring new places. Feeling inspired and happy.",happy
2022-02-06,"Had a busy day running errands. Feeling tired.",tired
2022-02-07,"Feeling anxious about an upcoming presentation. Trying to stay positive.",anxious
2022-02-08,"Had a relaxing day at home. Feeling calm and content.",calm
2022-02-09,"Had a productive day working on a creative project. Feeling inspired.",happy
2022-02-10,"Feeling a bit overwhelmed with personal tasks. Trying to manage stress.",overwhelmed
2022-02-11,"Had a productive day at work. Feeling satisfied.",happy
2022-02-12,"Spent the day with family. Feeling loved and happy.",happy
2022-02-13,"Had a fun day with friends. Feeling joyful and uplifted.",happy
2022-02-14,"Had a relaxing evening with a good book. Feeling calm and content.",calm
2022-02-15,"Had a challenging day with some setbacks. Feeling frustrated.",frustrated
2022-02-16,"Spent the day working on a new hobby. Feeling inspired.",happy
2022-02-17,"Feeling a bit stressed about work tasks. Trying to stay focused.",stressed
2022-02-18,"Had a productive day at work. Feeling accomplished.",happy
2022-02-19,"Enjoyed a peaceful day with some quiet time. Feeling relaxed.",relaxed
2022-02-20,"Had a fun day with family. Feeling joyful and fulfilled.",happy
2022-02-21,"Had a busy day running errands. Feeling tired.",tired
2022-02-22,"Spent the day with friends. Feeling happy and uplifted.",happy
2022-02-23,"Had a challenging day with unexpected issues. Feeling frustrated.",frustrated
2022-02-24,"Had a productive day working on a creative project. Feeling inspired.",happy
2022-02-25,"Feeling a bit overwhelmed with tasks. Trying to manage stress.",overwhelmed
2022-02-26,"Had a relaxing day at home. Feeling calm and content.",calm
2022-02-27,"Had a fun day exploring new activities. Feeling joyful and inspired.",happy
2022-02-28,"Feeling anxious about upcoming deadlines. Trying to stay positive.",anxious
2022-03-01,"Spent the day with family. Feeling loved and happy.",happy
2022-03-02,"Had a productive day at work. Feeling satisfied.",happy
2022-03-03,"Had a busy day with lots of tasks. Feeling tired.",tired
2022-03-04,"Had a fun day with friends. Feeling joyful and uplifted.",happy
2022-03-05,"Feeling a bit stressed about work tasks. Trying to stay focused.",stressed
2022-03-06,"Had a relaxing day at home. Feeling calm and content.",calm
2022-03-07,"Spent the day working on a creative project. Feeling inspired.",happy
2022-03-08,"Had a challenging day with some setbacks. Feeling frustrated.",frustrated
2022-03-09,"Enjoyed a peaceful evening with a good book. Feeling relaxed.",relaxed
2022-03-10,"Had a productive day at work. Feeling accomplished.",happy
2022-03-11,"Spent the day with family. Feeling loved and happy.",happy
2022-03-12,"Had a fun day exploring new places. Feeling joyful and uplifted.",happy
2022-03-13,"Feeling a bit overwhelmed with tasks. Trying to manage stress.",overwhelmed
2022-03-14,"Had a relaxing day at home. Feeling calm and content.",calm
2022-03-15,"Had a productive day working on a new hobby. Feeling inspired.",happy
2022-03-16,"Feeling anxious about upcoming deadlines. Trying to stay positive.",anxious
2022-03-17,"Had a fun day with friends. Feeling happy and uplifted.",happy
2022-03-18,"Had a busy day running errands. Feeling tired.",tired
2022-03-19,"Enjoyed a peaceful evening with a good movie. Feeling content.",content
2022-03-20,"Had a productive day at work. Feeling satisfied.",happy
2022-03-21,"Spent the day with family. Feeling loved and happy.",happy
2022-03-22,"Had a challenging day with unexpected issues. Feeling frustrated.",frustrated
2022-03-23,"Had a relaxing day at home. Feeling calm and content.",calm
2022-03-24,"Spent the day with friends. Feeling joyful and uplifted.",happy
2022-03-25,"Had a busy day with lots of tasks. Feeling tired.",tired
2022-03-26,"Had a fun day exploring new activities. Feeling joyful and inspired.",happy
2022-03-27,"Feeling anxious about upcoming events. Trying to stay positive.",anxious
2022-03-28,"Had a productive day working on a creative project. Feeling inspired.",happy
2022-03-29,"Enjoyed a peaceful day with some quiet time. Feeling relaxed.",relaxed
2022-03-30,"Had a fun day with family. Feeling joyful and fulfilled.",happy
2022-03-31,"Feeling a bit overwhelmed with tasks. Trying to manage stress.",overwhelmed
2022-04-01,"Had a relaxing day at home. Feeling calm and content.",calm
2022-04-02,"Had a productive day at work. Feeling satisfied.",happy
2022-04-03,"Spent the day with friends. Feeling happy and uplifted.",happy
2022-04-04,"Feeling a bit stressed about work tasks. Trying to stay focused.",stressed
2022-04-05,"Had a fun day exploring new places. Feeling joyful and inspired.",happy
2022-04-06,"Had a busy day running errands. Feeling tired.",tired
2022-04-07,"Had a relaxing evening with a good book. Feeling calm and content.",calm
2022-04-08,"Had a productive day working on a new project. Feeling accomplished.",happy
2022-04-09,"Feeling anxious about upcoming deadlines. Trying to stay positive.",anxious
2022-04-10,"Spent the day with family. Feeling loved and happy.",happy
2022-04-11,"Had a fun day with friends. Feeling joyful and uplifted.",happy
2022-04-12,"Had a challenging day with some setbacks. Feeling frustrated.",frustrated
2022-04-13,"Had a relaxing day at home. Feeling calm and content.",calm
2022-04-14,"Spent the day working on a creative project. Feeling inspired.",happy
2022-04-15,"Feeling a bit overwhelmed with personal tasks. Trying to manage stress.",overwhelmed
2022-04-16,"Had a productive day at work. Feeling satisfied.",happy
2022-04-17,"Enjoyed a peaceful evening with a good movie. Feeling content.",content
2022-04-18,"Had a fun day exploring new activities. Feeling joyful and inspired.",happy
2022-04-19,"Feeling anxious about upcoming events. Trying to stay positive.",anxious
2022-04-20,"Had a productive day working on a new project. Feeling accomplished.",happy
2022-04-21,"Spent the day with friends. Feeling happy and uplifted.",happy
2022-04-22,"Had a busy day with lots of tasks. Feeling tired.",tired
2022-04-23,"Had a fun day with family. Feeling joyful and fulfilled.",happy
2022-04-24,"Feeling a bit stressed about work tasks. Trying to stay focused.",stressed
2022-04-25,"Had a relaxing day at home. Feeling calm and content.",calm
2022-04-26,"Spent the day with friends. Feeling happy and uplifted.",happy
2022-04-27,"Had a challenging day with unexpected issues. Feeling frustrated.",frustrated
2022-04-28,"Had a productive day working on a creative project. Feeling inspired.",happy
2022-04-29,"Feeling overwhelmed with tasks. Trying to manage stress.",overwhelmed
2022-04-30,"Enjoyed a peaceful evening with a good book. Feeling relaxed.",relaxed
2022-05-01,"Had a productive day working on a new hobby. Feeling accomplished.",happy
2022-05-02,"Spent the day with friends. Feeling joyful and uplifted.",happy
2022-05-03,"Feeling a bit stressed about upcoming deadlines. Trying to stay focused.",stressed
2022-05-04,"Had a relaxing evening with family. Feeling content.",content
2022-05-05,"Had a fun day exploring new places. Feeling inspired and happy.",happy
2022-05-06,"Had a busy day running errands. Feeling tired.",tired
2022-05-07,"Feeling anxious about an upcoming presentation. Trying to stay positive.",anxious
2022-05-08,"Had a relaxing day at home. Feeling calm and content.",calm
2022-05-09,"Had a productive day working on a creative project. Feeling inspired.",happy
2022-05-10,"Feeling a bit overwhelmed with personal tasks. Trying to manage stress.",overwhelmed
2022-05-11,"Had a productive day at work. Feeling satisfied.",happy
2022-05-12,"Spent the day with family. Feeling loved and happy.",happy
2022-05-13,"Had a fun day with friends. Feeling joyful and uplifted.",happy
2022-05-14,"Had a relaxing evening with a good book. Feeling calm and content.",calm
2022-05-15,"Had a challenging day with some setbacks. Feeling frustrated.",frustrated
2022-05-16,"Spent the day working on a new hobby. Feeling inspired.",happy
2022-05-17,"Feeling a bit stressed about work tasks. Trying to stay focused.",stressed
2022-05-18,"Had a productive day at work. Feeling accomplished.",happy
2022-05-19,"Enjoyed a peaceful day with some quiet time. Feeling relaxed.",relaxed
2022-05-20,"Had a fun day with family. Feeling joyful and fulfilled.",happy
2022-05-21,"Had a busy day running errands. Feeling tired.",tired
2022-05-22,"Spent the day with friends. Feeling happy and uplifted.",happy
2022-05-23,"Had a challenging day with unexpected issues. Feeling frustrated.",frustrated
2022-05-24,"Had a productive day working on a creative project. Feeling inspired.",happy
2022-05-25,"Feeling a bit overwhelmed with tasks. Trying to manage stress.",overwhelmed
2022-05-26,"Had a relaxing day at home. Feeling calm and content.",calm
2022-05-27,"Had a fun day exploring new activities. Feeling joyful and inspired.",happy
2022-05-28,"Feeling anxious about upcoming deadlines. Trying to stay positive.",anxious
2022-05-29,"Spent the day with family. Feeling loved and happy.",happy
2022-05-30,"Had a productive day at work. Feeling satisfied.",happy
2022-05-31,"Had a busy day with lots of tasks. Feeling tired.",tired
2022-06-01,"Had a fun day with friends. Feeling joyful and uplifted.",happy
2022-06-02,"Feeling a bit stressed about work tasks. Trying to stay focused.",stressed
2022-06-03,"Had a relaxing day at home. Feeling calm and content.",calm
2022-06-04,"Spent the day working on a creative project. Feeling inspired.",happy
2022-06-05,"Had a challenging day with some setbacks. Feeling frustrated.",frustrated
2022-06-06,"Enjoyed a peaceful evening with a good book. Feeling relaxed.",relaxed
2022-06-07,"Had a productive day at work. Feeling accomplished.",happy
2022-06-08,"Spent the day with family. Feeling loved and happy.",happy
2022-06-09,"Had a fun day exploring new places. Feeling joyful and uplifted.",happy
2022-06-10,"Feeling a bit overwhelmed with tasks. Trying to manage stress.",overwhelmed
2022-06-11,"Had a relaxing day at home. Feeling calm and content.",calm
2022-06-12,"Had a productive day working on a new hobby. Feeling inspired.",happy
2022-06-13,"Feeling anxious about upcoming deadlines. Trying to stay positive.",anxious
2022-06-14,"Spent the day with friends. Feeling happy and uplifted.",happy
2022-06-15,"Had a busy day running errands. Feeling tired.",tired
2022-06-16,"Had a relaxing evening with a good movie. Feeling content.",content
2022-06-17,"Had a productive day working on a creative project. Feeling inspired.",happy
2022-06-18,"Feeling a bit stressed about work tasks. Trying to stay focused.",stressed
2022-06-19,"Had a fun day with family. Feeling joyful and fulfilled.",happy
2022-06-20,"Had a challenging day with unexpected issues. Feeling frustrated.",frustrated
2022-06-21,"Spent the day with friends. Feeling happy and uplifted.",happy
2022-06-22,"Had a relaxing day at home. Feeling calm and content.",calm
2022-06-23,"Had a productive day at work. Feeling satisfied.",happy
2022-06-24,"Feeling overwhelmed with tasks. Trying to manage stress.",overwhelmed
2022-06-25,"Had a fun day exploring new activities. Feeling joyful and inspired.",happy
2022-06-26,"Feeling anxious about upcoming events. Trying to stay positive.",anxious
2022-06-27,"Had a relaxing day at home. Feeling calm and content.",calm
2022-06-28,"Spent the day with family. Feeling loved and happy.",happy
2022-06-29,"Had a productive day working on a creative project. Feeling inspired.",happy
2022-06-30,"Had a busy day with lots of tasks. Feeling tired.",tired
2022-07-01,"Had a fun day with friends. Feeling joyful and uplifted.",happy
2022-07-02,"Feeling a bit stressed about work tasks. Trying to stay focused.",stressed
2022-07-03,"Had a relaxing evening with a good book. Feeling calm and content.",calm
2022-07-04,"Spent the day working on a new hobby. Feeling inspired.",happy
2022-07-05,"Had a challenging day with some setbacks. Feeling frustrated.",frustrated
2022-07-06,"Enjoyed a peaceful evening with a good movie. Feeling relaxed.",relaxed
2022-07-07,"Had a productive day at work. Feeling accomplished.",happy
2022-07-08,"Spent the day with family. Feeling loved and happy.",happy
2022-07-09,"Had a fun day exploring new places. Feeling joyful and uplifted.",happy
2022-07-10,"Feeling a bit overwhelmed with tasks. Trying to manage stress.",overwhelmed
2022-07-11,"Had a relaxing day at home. Feeling calm and content.",calm
2022-07-12,"Had a productive day working on a new project. Feeling inspired.",happy
2022-07-13,"Feeling anxious about upcoming deadlines. Trying to stay positive.",anxious
2022-07-14,"Spent the day with friends. Feeling happy and uplifted.",happy
2022-07-15,"Had a busy day running errands. Feeling tired.",tired
2022-07-16,"Had a relaxing evening with a good book. Feeling calm and content.",calm
2022-07-17,"Had a productive day working on a creative project. Feeling inspired.",happy
2022-07-18,"Feeling a bit stressed about work tasks. Trying to stay focused.",stressed
2022-07-19,"Had a fun day with family. Feeling joyful and fulfilled.",happy
2022-07-20,"Had a challenging day with unexpected issues. Feeling frustrated.",frustrated
2022-07-21,"Spent the day with friends. Feeling happy and uplifted.",happy
2022-07-22,"Had a relaxing day at home. Feeling calm and content.",calm
2022-07-23,"Had a productive day at work. Feeling satisfied.",happy
2022-07-24,"Feeling overwhelmed with tasks. Trying to manage stress.",overwhelmed
2022-07-25,"Had a fun day exploring new activities. Feeling joyful and inspired.",happy
2022-07-26,"Feeling anxious about upcoming events. Trying to stay positive.",anxious
2022-07-27,"Had a relaxing day at home. Feeling calm and content.",calm
2022-07-28,"Spent the day with family. Feeling loved and happy.",happy
2022-07-29,"Had a productive day working on a creative project. Feeling inspired.",happy
2022-07-30,"Had a busy day with lots of tasks. Feeling tired.",tired
2022-07-31,"Had a fun day with friends. Feeling joyful and uplifted.",happy
2022-08-01,"Had a productive day working on a new project. Feeling accomplished.",happy
2022-08-02,"Spent the day with friends. Feeling joyful and uplifted.",happy
2022-08-03,"Feeling a bit stressed about upcoming deadlines. Trying to stay focused.",stressed
2022-08-04,"Had a relaxing day at home. Feeling calm and content.",calm
2022-08-05,"Had a fun day exploring new places. Feeling inspired and happy.",happy
2022-08-06,"Had a busy day running errands. Feeling tired.",tired
2022-08-07,"Feeling anxious about a big presentation tomorrow. Trying to stay positive.",anxious
2022-08-08,"Spent the day with family. Feeling loved and happy.",happy
2022-08-09,"Had a relaxing evening with a good book. Feeling content.",content
2022-08-10,"Had a productive day working on a creative project. Feeling inspired.",happy
2022-08-11,"Feeling a bit overwhelmed with personal tasks. Trying to manage stress.",overwhelmed
2022-08-12,"Had a fun day with friends. Feeling joyful and uplifted.",happy
2022-08-13,"Had a relaxing spa day. Feeling refreshed and relaxed.",relaxed
2022-08-14,"Dealing with some personal issues. Feeling a bit low.",sad
2022-08-15,"Had a productive day at work. Feeling accomplished.",happy
2022-08-16,"Spent the day with family. Feeling loved and happy.",happy
2022-08-17,"Had a challenging day with some setbacks. Feeling frustrated.",frustrated
2022-08-18,"Enjoyed a peaceful day at the beach. Feeling calm and content.",calm
2022-08-19,"Had a productive day working on a new hobby. Feeling inspired.",happy
2022-08-20,"Feeling anxious about upcoming deadlines. Trying to stay positive.",anxious
2022-08-21,"Had a relaxing evening with a good movie. Feeling content.",content
2022-08-22,"Had a busy day running errands. Feeling tired.",tired
2022-08-23,"Spent the day with friends. Feeling joyful and uplifted.",happy
2022-08-24,"Had a productive day at work. Feeling accomplished.",happy
2022-08-25,"Feeling a bit stressed about work tasks. Trying to stay focused.",stressed
2022-08-26,"Had a relaxing day at home. Feeling calm and content.",calm
2022-08-27,"Had a fun day exploring new activities. Feeling joyful and inspired.",happy
2022-08-28,"Feeling overwhelmed with tasks. Trying to manage stress.",overwhelmed
2022-08-29,"Spent the day with family. Feeling loved and happy.",happy
2022-08-30,"Had a productive day working on a creative project. Feeling inspired.",happy
2022-08-31,"Had a busy day with lots of tasks. Feeling tired.",tired
2022-09-01,"Had a fun day with friends. Feeling joyful and uplifted.",happy
2022-09-02,"Feeling a bit stressed about work tasks. Trying to stay focused.",stressed
2022-09-03,"Had a relaxing evening with a good book. Feeling calm and content.",calm
2022-09-04,"Spent the day working on a new hobby. Feeling inspired.",happy
2022-09-05,"Had a challenging day with some setbacks. Feeling frustrated.",frustrated
2022-09-06,"Enjoyed a peaceful evening with a good movie. Feeling relaxed.",relaxed
2022-09-07,"Had a productive day at work. Feeling accomplished.",happy
2022-09-08,"Spent the day with family. Feeling loved and happy.",happy
2022-09-09,"Had a fun day exploring new places. Feeling joyful and uplifted.",happy
2022-09-10,"Feeling a bit overwhelmed with tasks. Trying to manage stress.",overwhelmed
2022-09-11,"Had a relaxing day at home. Feeling calm and content.",calm
2022-09-12,"Had a productive day working on a new project. Feeling inspired.",happy
2022-09-13,"Feeling anxious about upcoming deadlines. Trying to stay positive.",anxious
2022-09-14,"Spent the day with friends. Feeling happy and uplifted.",happy
2022-09-15,"Had a busy day running errands. Feeling tired.",tired
2022-09-16,"Had a relaxing evening with a good book. Feeling calm and content.",calm
2022-09-17,"Had a productive day working on a creative project. Feeling inspired.",happy
2022-09-18,"Feeling a bit stressed about work tasks. Trying to stay focused.",stressed
2022-09-19,"Had a fun day with family. Feeling joyful and fulfilled.",happy
2022-09-20,"Had a challenging day with unexpected issues. Feeling frustrated.",frustrated
2022-09-21,"Spent the day with friends. Feeling happy and uplifted.",happy
2022-09-22,"Had a relaxing day at home. Feeling calm and content.",calm
2022-09-23,"Had a productive day at work. Feeling satisfied.",happy
2022-09-24,"Feeling overwhelmed with tasks. Trying to manage stress.",overwhelmed
2022-09-25,"Had a fun day exploring new activities. Feeling joyful and inspired.",happy
2022-09-26,"Feeling anxious about upcoming events. Trying to stay positive.",anxious
2022-09-27,"Had a relaxing day at home. Feeling calm and content.",calm
2022-09-28,"Spent the day with family. Feeling loved and happy.",happy
2022-09-29,"Had a productive day working on a creative project. Feeling inspired.",happy
2022-09-30,"Had a busy day with lots of tasks. Feeling tired.",tired
2022-10-01,"Had a fun day with friends. Feeling joyful and uplifted.",happy
2022-10-02,"Feeling a bit stressed about work tasks. Trying to stay focused.",stressed
2022-10-03,"Had a relaxing evening with a good book. Feeling calm and content.",calm
2022-10-04,"Spent the day working on a new hobby. Feeling inspired.",happy
2022-10-05,"Had a challenging day with some setbacks. Feeling frustrated.",frustrated
2022-10-06,"Enjoyed a peaceful evening with a good movie. Feeling relaxed.",relaxed
2022-10-07,"Had a productive day at work. Feeling accomplished.",happy
2022-10-08,"Spent the day with family. Feeling loved and happy.",happy
2022-10-09,"Had a fun day exploring new places. Feeling joyful and uplifted.",happy
2022-10-10,"Feeling a bit overwhelmed with tasks. Trying to manage stress.",overwhelmed
2022-10-11,"Had a relaxing day at home. Feeling calm and content.",calm
2022-10-12,"Had a productive day working on a new project. Feeling inspired.",happy
2022-10-13,"Feeling anxious about upcoming deadlines. Trying to stay positive.",anxious
2022-10-14,"Spent the day with friends. Feeling happy and uplifted.",happy
2022-10-15,"Had a busy day running errands. Feeling tired.",tired
2022-10-16,"Had a relaxing evening with a good book. Feeling calm and content.",calm
2022-10-17,"Had a productive day working on a creative project. Feeling inspired.",happy
2022-10-18,"Feeling a bit stressed about work tasks. Trying to stay focused.",stressed
2022-10-19,"Had a fun day with family. Feeling joyful and fulfilled.",happy
2022-10-20,"Had a challenging day with unexpected issues. Feeling frustrated.",frustrated
2022-10-21,"Spent the day with friends. Feeling happy and uplifted.",happy
2022-10-22,"Had a relaxing day at home. Feeling calm and content.",calm
2022-10-23,"Had a productive day at work. Feeling satisfied.",happy
2022-10-24,"Feeling overwhelmed with tasks. Trying to manage stress.",overwhelmed
2022-10-25,"Had a fun day exploring new activities. Feeling joyful and inspired.",happy
2022-10-26,"Feeling anxious about upcoming events. Trying to stay positive.",anxious
2022-10-27,"Had a relaxing day at home. Feeling calm and content.",calm
2022-10-28,"Spent the day with family. Feeling loved and happy.",happy
2022-10-29,"Had a productive day working on a creative project. Feeling inspired.",happy
2022-10-30,"Had a busy day with lots of tasks. Feeling tired.",tired
2022-10-31,"Had a fun day with friends. Feeling joyful and uplifted.",happy
2022-11-01,"Feeling a bit stressed about work tasks. Trying to stay focused.",stressed
2022-11-02,"Had a relaxing evening with a good book. Feeling calm and content.",calm
2022-11-03,"Spent the day working on a new hobby. Feeling inspired.",happy
2022-11-04,"Had a challenging day with some setbacks. Feeling frustrated.",frustrated
2022-11-05,"Enjoyed a peaceful evening with a good movie. Feeling relaxed.",relaxed
2022-11-06,"Had a productive day at work. Feeling accomplished.",happy
2022-11-07,"Spent the day with family. Feeling loved and happy.",happy
2022-11-08,"Had a fun day exploring new places. Feeling joyful and uplifted.",happy
2022-11-09,"Feeling a bit overwhelmed with tasks. Trying to manage stress.",overwhelmed
2022-11-10,"Had a relaxing day at home. Feeling calm and content.",calm
2022-11-11,"Had a productive day working on a new project. Feeling inspired.",happy
2022-11-12,"Feeling anxious about upcoming deadlines. Trying to stay positive.",anxious
2022-11-13,"Spent the day with friends. Feeling happy and uplifted.",happy
2022-11-14,"Had a busy day running errands. Feeling tired.",tired
2022-11-15,"Had a relaxing evening with a good book. Feeling calm and content.",calm
2022-11-16,"Had a productive day working on a creative project. Feeling inspired.",happy
2022-11-17,"Feeling a bit stressed about work tasks. Trying to stay focused.",stressed
2022-11-18,"Had a fun day with family. Feeling joyful and fulfilled.",happy
2022-11-19,"Had a challenging day with unexpected issues. Feeling frustrated.",frustrated
2022-11-20,"Spent the day with friends. Feeling happy and uplifted.",happy
2022-11-21,"Had a relaxing day at home. Feeling calm and content.",calm
2022-11-22,"Had a productive day at work. Feeling satisfied.",happy
2022-11-23,"Feeling overwhelmed with tasks. Trying to manage stress.",overwhelmed
2022-11-24,"Had a fun day exploring new activities. Feeling joyful and inspired.",happy
2022-11-25,"Feeling anxious about upcoming events. Trying to stay positive.",anxious
2022-11-26,"Had a relaxing day at home. Feeling calm and content.",calm
2022-11-27,"Spent the day with family. Feeling loved and happy.",happy
2022-11-28,"Had a productive day working on a creative project. Feeling inspired.",happy
2022-11-29,"Had a busy day with lots of tasks. Feeling tired.",tired
2022-11-30,"Had a fun day with friends. Feeling joyful and uplifted.",happy
2022-12-01,"Feeling a bit stressed about work tasks. Trying to stay focused.",stressed
2022-12-02,"Had a relaxing evening with a good book. Feeling calm and content.",calm
2022-12-03,"Spent the day working on a new hobby. Feeling inspired.",happy
2022-12-04,"Had a challenging day with some setbacks. Feeling frustrated.",frustrated
2022-12-05,"Enjoyed a peaceful evening with a good movie. Feeling relaxed.",relaxed
2022-12-06,"Had a productive day at work. Feeling accomplished.",happy
2022-12-07,"Spent the day with family. Feeling loved and happy.",happy
2022-12-08,"Had a fun day exploring new places. Feeling joyful and uplifted.",happy
2022-12-09,"Feeling a bit overwhelmed with tasks. Trying to manage stress.",overwhelmed
2022-12-10,"Had a relaxing day at home. Feeling calm and content.",calm
2022-12-11,"Had a productive day working on a new project. Feeling inspired.",happy
2022-12-12,"Feeling anxious about upcoming deadlines. Trying to stay positive.",anxious
2022-12-13,"Spent the day with friends. Feeling happy and uplifted.",happy
2022-12-14,"Had a busy day running errands. Feeling tired.",tired
2022-12-15,"Had a relaxing evening with a good book. Feeling calm and content.",calm
2022-12-16,"Had a productive day working on a creative project. Feeling inspired.",happy
2022-12-17,"Feeling a bit stressed about work tasks. Trying to stay focused.",stressed
2022-12-18,"Had a fun day with family. Feeling joyful and fulfilled.",happy
2022-12-19,"Had a challenging day with unexpected issues. Feeling frustrated.",frustrated
2022-12-20,"Spent the day with friends. Feeling happy and uplifted.",happy
2022-12-21,"Had a relaxing day at home. Feeling calm and content.",calm
2022-12-22,"Had a productive day at work. Feeling satisfied.",happy
2022-12-23,"Feeling overwhelmed with tasks. Trying to manage stress.",overwhelmed
2022-12-24,"Had a fun day exploring new activities. Feeling joyful and inspired.",happy
2022-12-25,"Feeling anxious about upcoming events. Trying to stay positive.",anxious
2022-12-26,"Had a relaxing day at home. Feeling calm and content.",calm
2022-12-27,"Spent the day with family. Feeling loved and happy.",happy
2022-12-28,"Had a productive day working on a creative project. Feeling inspired.",happy
2022-12-29,"Had a busy day with lots of tasks. Feeling tired.",tired
2022-12-30,"Had a fun day with friends. Feeling joyful and uplifted.",happy
2022-12-31,"Reflecting on the year. Feeling grateful and hopeful for the new year.",grateful
2023-01-01,"Started the year with a celebration. Feeling optimistic and excited.",happy
2023-01-02,"Had a relaxing day at home. Feeling calm and content.",calm
2023-01-03,"Feeling a bit stressed about the new year's goals. Trying to stay focused.",stressed
2023-01-04,"Had a productive day at work. Feeling accomplished.",happy
2023-01-05,"Spent the day with family. Feeling loved and happy.",happy
2023-01-06,"Had a fun day exploring new places. Feeling joyful and uplifted.",happy
2023-01-07,"Feeling a bit overwhelmed with tasks. Trying to manage stress.",overwhelmed
2023-01-08,"Had a relaxing evening with a good book. Feeling calm and content.",calm
2023-01-09,"Had a productive day working on a creative project. Feeling inspired.",happy
2023-01-10,"Feeling anxious about upcoming deadlines. Trying to stay positive.",anxious
2023-01-11,"Spent the day with friends. Feeling happy and uplifted.",happy
2023-01-12,"Had a busy day running errands. Feeling tired.",tired
2023-01-13,"Had a relaxing day at home. Feeling calm and content.",calm
2023-01-14,"Had a productive day working on a new project. Feeling inspired.",happy
2023-01-15,"Feeling a bit stressed about work tasks. Trying to stay focused.",stressed
2023-01-16,"Had a fun day with family. Feeling joyful and fulfilled.",happy
2023-01-17,"Had a challenging day with some setbacks. Feeling frustrated.",frustrated
2023-01-18,"Spent the day with friends. Feeling happy and uplifted.",happy
2023-01-19,"Had a relaxing evening with a good movie. Feeling relaxed.",relaxed
2023-01-20,"Had a productive day at work. Feeling accomplished.",happy
2023-01-21,"Feeling overwhelmed with tasks. Trying to manage stress.",overwhelmed
2023-01-22,"Had a fun day exploring new activities. Feeling joyful and inspired.",happy
2023-01-23,"Feeling anxious about upcoming events. Trying to stay positive.",anxious
2023-01-24,"Had a relaxing day at home. Feeling calm and content.",calm
2023-01-25,"Spent the day with family. Feeling loved and happy.",happy
2023-01-26,"Had a productive day working on a creative project. Feeling inspired.",happy
2023-01-27,"Had a busy day with lots of tasks. Feeling tired.",tired
2023-01-28,"Had a fun day with friends. Feeling joyful and uplifted.",happy
2023-01-29,"Feeling a bit stressed about work tasks. Trying to stay focused.",stressed
2023-01-30,"Had a relaxing evening with a good book. Feeling calm and content.",calm
2023-01-31,"Had a productive day working on a new project. Feeling inspired.",happy
2023-02-01,"Feeling a bit overwhelmed with tasks. Trying to manage stress.",overwhelmed
2023-02-02,"Had a fun day exploring new places. Feeling joyful and uplifted.",happy
2023-02-03,"Spent the day with family. Feeling loved and happy.",happy
2023-02-04,"Had a challenging day with some setbacks. Feeling frustrated.",frustrated
2023-02-05,"Had a relaxing day at home. Feeling calm and content.",calm
2023-02-06,"Had a productive day at work. Feeling accomplished.",happy
2023-02-07,"Feeling anxious about upcoming deadlines. Trying to stay positive.",anxious
2023-02-08,"Spent the day with friends. Feeling happy and uplifted.",happy
2023-02-09,"Had a busy day running errands. Feeling tired.",tired
2023-02-10,"Had a relaxing evening with a good movie. Feeling relaxed.",relaxed
2023-02-11,"Had a productive day working on a creative project. Feeling inspired.",happy
2023-02-12,"Feeling a bit stressed about work tasks. Trying to stay focused.",stressed
2023-02-13,"Had a fun day with family. Feeling joyful and fulfilled.",happy
2023-02-14,"Had a productive day at work. Feeling satisfied.",happy
2023-02-15,"Feeling overwhelmed with tasks. Trying to manage stress.",overwhelmed
2023-02-16,"Had a fun day exploring new activities. Feeling joyful and inspired.",happy
2023-02-17,"Had a relaxing day at home. Feeling calm and content.",calm
2023-02-18,"Spent the day with friends. Feeling happy and uplifted.",happy
2023-02-19,"Had a busy day with lots of tasks. Feeling tired.",tired
2023-02-20,"Had a productive day working on a new project. Feeling inspired.",happy
2023-02-21,"Feeling anxious about upcoming events. Trying to stay positive.",anxious
2023-02-22,"Had a relaxing evening with a good book. Feeling calm and content.",calm
2023-02-23,"Had a fun day with family. Feeling joyful and happy.",happy
2023-02-24,"Feeling a bit stressed about work tasks. Trying to stay focused.",stressed
2023-02-25,"Had a productive day working on a creative project. Feeling inspired.",happy
2023-02-26,"Had a challenging day with some setbacks. Feeling frustrated.",frustrated
2023-02-27,"Spent the day with friends. Feeling happy and uplifted.",happy
2023-02-28,"Had a relaxing day at home. Feeling calm and content.",calm
2023-03-01,"Had a productive day at work. Feeling accomplished.",happy
2023-03-02,"Feeling overwhelmed with tasks. Trying to manage stress.",overwhelmed
2023-03-03,"Had a fun day exploring new places. Feeling joyful and inspired.",happy
2023-03-04,"Feeling anxious about upcoming deadlines. Trying to stay positive.",anxious
2023-03-05,"Had a relaxing evening with a good movie. Feeling relaxed.",relaxed
2023-03-06,"Had a productive day working on a creative project. Feeling inspired.",happy
2023-03-07,"Spent the day with family. Feeling loved and happy.",happy
2023-03-08,"Had a busy day running errands. Feeling tired.",tired
2023-03-09,"Had a fun day with friends. Feeling joyful and uplifted.",happy
2023-03-10,"Feeling a bit stressed about work tasks. Trying to stay focused.",stressed
2023-03-11,"Had a relaxing day at home. Feeling calm and content.",calm
2023-03-12,"Had a productive day working on a new project. Feeling inspired.",happy
2023-03-13,"Feeling anxious about upcoming events. Trying to stay positive.",anxious
2023-03-14,"Spent the day with friends. Feeling happy and uplifted.",happy
2023-03-15,"Had a busy day with lots of tasks. Feeling tired.",tired
2023-03-16,"Had a relaxing evening with a good book. Feeling calm and content.",calm
2023-03-17,"Had a productive day working on a creative project. Feeling inspired.",happy
2023-03-18,"Feeling a bit overwhelmed with tasks. Trying to manage stress.",overwhelmed
2023-03-19,"Had a fun day with family. Feeling joyful and fulfilled.",happy
2023-03-20,"Had a challenging day with unexpected issues. Feeling frustrated.",frustrated
2023-03-21,"Spent the day with friends. Feeling happy and uplifted.",happy
2023-03-22,"Had a relaxing day at home. Feeling calm and content.",calm
2023-03-23,"Had a productive day at work. Feeling satisfied.",happy
2023-03-24,"Feeling anxious about upcoming deadlines. Trying to stay positive.",anxious
2023-03-25,"Had a fun day exploring new activities. Feeling joyful and inspired.",happy
2023-03-26,"Feeling a bit stressed about work tasks. Trying to stay focused.",stressed
2023-03-27,"Had a relaxing evening with a good movie. Feeling relaxed.",relaxed
2023-03-28,"Had a productive day working on a creative project. Feeling inspired.",happy
2023-03-29,"Feeling overwhelmed with tasks. Trying to manage stress.",overwhelmed
2023-03-30,"Had a fun day with family. Feeling joyful and happy.",happy
2023-03-31,"Had a busy day with lots of tasks. Feeling tired.",tired
2023-04-01,"Feeling anxious about upcoming events. Trying to stay positive.",anxious
2023-04-02,"Had a relaxing day at home. Feeling calm and content.",calm
2023-04-03,"Spent the day with friends. Feeling happy and uplifted.",happy
2023-04-04,"Had a productive day working on a new project. Feeling inspired.",happy
2023-04-05,"Feeling a bit stressed about work tasks. Trying to stay focused.",stressed
2023-04-06,"Had a relaxing evening with a good book. Feeling calm and content.",calm
2023-04-07,"Had a fun day exploring new places. Feeling joyful and uplifted.",happy
2023-04-08,"Feeling overwhelmed with tasks. Trying to manage stress.",overwhelmed
2023-04-09,"Had a productive day at work. Feeling accomplished.",happy
2023-04-10,"Spent the day with family. Feeling loved and happy.",happy
2023-04-11,"Had a busy day running errands. Feeling tired.",tired
2023-04-12,"Had a relaxing day at home. Feeling calm and content.",calm
2023-04-13,"Had a productive day working on a creative project. Feeling inspired.",happy
2023-04-14,"Feeling anxious about upcoming deadlines. Trying to stay positive.",anxious
2023-04-15,"Spent the day with friends. Feeling happy and uplifted.",happy
2023-04-16,"Had a fun day with family. Feeling joyful and fulfilled.",happy
2023-04-17,"Had a busy day with lots of tasks. Feeling tired.",tired
2023-04-18,"Had a relaxing evening with a good movie. Feeling relaxed.",relaxed
2023-04-19,"Feeling a bit stressed about work tasks. Trying to stay focused.",stressed
2023-04-20,"Had a productive day working on a new project. Feeling inspired.",happy
2023-04-21,"Feeling overwhelmed with tasks. Trying to manage stress.",overwhelmed
2023-04-22,"Had a fun day exploring new activities. Feeling joyful and inspired.",happy
2023-04-23,"Had a relaxing day at home. Feeling calm and content.",calm
2023-04-24,"Spent the day with friends. Feeling happy and uplifted.",happy
2023-04-25,"Had a productive day at work. Feeling satisfied.",happy
2023-04-26,"Feeling anxious about upcoming events. Trying to stay positive.",anxious
2023-04-27,"Had a relaxing evening with a good book. Feeling calm and content.",calm
2023-04-28,"Had a productive day working on a creative project. Feeling inspired.",happy
2023-04-29,"Had a fun day with family. Feeling joyful and happy.",happy
2023-04-30,"Feeling a bit stressed about work tasks. Trying to stay focused.",stressed
2023-05-01,"Had a busy day with lots of tasks. Feeling tired.",tired
2023-05-02,"Had a relaxing day at home. Feeling calm and content.",calm
2023-05-03,"Spent the day with friends. Feeling happy and uplifted.",happy
2023-05-04,"Had a productive day working on a new project. Feeling inspired.",happy
2023-05-05,"Feeling anxious about upcoming deadlines. Trying to stay positive.",anxious
2023-05-06,"Had a relaxing evening with a good movie. Feeling relaxed.",relaxed
2023-05-07,"Had a productive day at work. Feeling accomplished.",happy
2023-05-08,"Feeling overwhelmed with tasks. Trying to manage stress.",overwhelmed
2023-05-09,"Had a fun day exploring new places. Feeling joyful and inspired.",happy
2023-05-10,"Spent the day with family. Feeling loved and happy.",happy
2023-05-11,"Had a busy day running errands. Feeling tired.",tired
2023-05-12,"Had a relaxing day at home. Feeling calm and content.",calm
2023-05-13,"Had a productive day working on a creative project. Feeling inspired.",happy
2023-05-14,"Feeling anxious about upcoming events. Trying to stay positive.",anxious
2023-05-15,"Spent the day with friends. Feeling happy and uplifted.",happy
2023-05-16,"Had a fun day with family. Feeling joyful and fulfilled.",happy
2023-05-17,"Had a busy day with lots of tasks. Feeling tired.",tired
2023-05-18,"Had a relaxing evening with a good book. Feeling calm and content.",calm
2023-05-19,"Feeling a bit stressed about work tasks. Trying to stay focused.",stressed
2023-05-20,"Had a productive day working on a new project. Feeling inspired.",happy
2023-05-21,"Feeling overwhelmed with tasks. Trying to manage stress.",overwhelmed
2023-05-22,"Had a fun day exploring new activities. Feeling joyful and inspired.",happy
2023-05-23,"Had a relaxing day at home. Feeling calm and content.",calm
2023-05-24,"Spent the day with friends. Feeling happy and uplifted.",happy
2023-05-25,"Had a productive day at work. Feeling satisfied.",happy
2023-05-26,"Feeling anxious about upcoming deadlines. Trying to stay positive.",anxious
2023-05-27,"Had a relaxing evening with a good book. Feeling calm and content.",calm
2023-05-28,"Had a productive day working on a creative project. Feeling inspired.",happy
2023-05-29,"Had a fun day with family. Feeling joyful and happy.",happy
2023-05-30,"Feeling a bit stressed about work tasks. Trying to stay focused.",stressed
2023-05-31,"Had a busy day with lots of tasks. Feeling tired.",tired
2023-06-01,"Had a relaxing day at home. Feeling calm and content.",calm
2023-06-02,"Spent the day with friends. Feeling happy and uplifted.",happy
2023-06-03,"Had a productive day working on a new project. Feeling inspired.",happy
2023-06-04,"Feeling anxious about upcoming deadlines. Trying to stay positive.",anxious
2023-06-05,"Had a relaxing evening with a good movie. Feeling relaxed.",relaxed
2023-06-06,"Had a productive day at work. Feeling accomplished.",happy
2023-06-07,"Feeling overwhelmed with tasks. Trying to manage stress.",overwhelmed
2023-06-08,"Had a fun day exploring new places. Feeling joyful and inspired.",happy
2023-06-09,"Spent the day with family. Feeling loved and happy.",happy
2023-06-10,"Had a busy day running errands. Feeling tired.",tired
2023-06-11,"Had a relaxing day at home. Feeling calm and content.",calm
2023-06-12,"Had a productive day working on a creative project. Feeling inspired.",happy
2023-06-13,"Feeling anxious about upcoming events. Trying to stay positive.",anxious
2023-06-14,"Spent the day with friends. Feeling happy and uplifted.",happy
2023-06-15,"Had a fun day with family. Feeling joyful and fulfilled.",happy
2023-06-16,"Had a busy day with lots of tasks. Feeling tired.",tired
2023-06-17,"Had a relaxing evening with a good book. Feeling calm and content.",calm
2023-06-18,"Had a productive day working on a new project. Feeling inspired.",happy
2023-06-19,"Feeling a bit stressed about work tasks. Trying to stay focused.",stressed
2023-06-20,"Had a fun day exploring new activities. Feeling joyful and inspired.",happy
2023-06-21,"Feeling overwhelmed with tasks. Trying to manage stress.",overwhelmed
2023-06-22,"Had a relaxing day at home. Feeling calm and content.",calm
2023-06-23,"Spent the day with friends. Feeling happy and uplifted.",happy
2023-06-24,"Had a productive day at work. Feeling satisfied.",happy
2023-06-25,"Feeling anxious about upcoming deadlines. Trying to stay positive.",anxious
2023-06-26,"Had a relaxing evening with a good movie. Feeling relaxed.",relaxed
2023-06-27,"Had a productive day working on a creative project. Feeling inspired.",happy
2023-06-28,"Had a fun day with family. Feeling joyful and happy.",happy
2023-06-29,"Feeling a bit stressed about work tasks. Trying to stay focused.",stressed
2023-06-30,"Had a busy day with lots of tasks. Feeling tired.",tired
2023-07-01,"Had a relaxing day at home. Feeling calm and content.",calm
2023-07-02,"Spent the day with friends. Feeling happy and uplifted.",happy
2023-07-03,"Had a productive day working on a new project. Feeling inspired.",happy
2023-07-04,"Feeling anxious about upcoming deadlines. Trying to stay positive.",anxious
2023-07-05,"Had a relaxing evening with a good movie. Feeling relaxed.",relaxed
2023-07-06,"Had a productive day at work. Feeling accomplished.",happy
2023-07-07,"Feeling overwhelmed with tasks. Trying to manage stress.",overwhelmed
2023-07-08,"Had a fun day exploring new places. Feeling joyful and inspired.",happy
2023-07-09,"Spent the day with family. Feeling loved and happy.",happy
2023-07-10,"Had a busy day running errands. Feeling tired.",tired
2023-07-11,"Had a relaxing day at home. Feeling calm and content.",calm
2023-07-12,"Had a productive day working on a creative project. Feeling inspired.",happy
2023-07-13,"Feeling anxious about upcoming events. Trying to stay positive.",anxious
2023-07-14,"Spent the day with friends. Feeling happy and uplifted.",happy
2023-07-15,"Had a fun day with family. Feeling joyful and fulfilled.",happy
2023-07-16,"Had a busy day with lots of tasks. Feeling tired.",tired
2023-07-17,"Had a relaxing evening with a good book. Feeling calm and content.",calm
2023-07-18,"Had a productive day working on a new project. Feeling inspired.",happy
2023-07-19,"Feeling a bit stressed about work tasks. Trying to stay focused.",stressed
2023-07-20,"Had a fun day exploring new activities. Feeling joyful and inspired.",happy
2023-07-21,"Feeling overwhelmed with tasks. Trying to manage stress.",overwhelmed
2023-07-22,"Had a relaxing day at home. Feeling calm and content.",calm
2023-07-23,"Spent the day with friends. Feeling happy and uplifted.",happy
2023-07-24,"Had a productive day at work. Feeling satisfied.",happy
2023-07-25,"Feeling anxious about upcoming deadlines. Trying to stay positive.",anxious
2023-07-26,"Had a relaxing evening with a good movie. Feeling relaxed.",relaxed
2023-07-27,"Had a productive day working on a creative project. Feeling inspired.",happy
2023-07-28,"Had a fun day with family. Feeling joyful and happy.",happy
2023-07-29,"Feeling a bit stressed about work tasks. Trying to stay focused.",stressed
2023-07-30,"Had a busy day with lots of tasks. Feeling tired.",tired
2023-07-31,"Had a relaxing day at home. Feeling calm and content.",calm
2023-08-01,"Spent the day with friends. Feeling happy and uplifted.",happy
2023-08-02,"Had a productive day working on a new project. Feeling inspired.",happy
2023-08-03,"Feeling anxious about upcoming deadlines. Trying to stay positive.",anxious
2023-08-04,"Had a relaxing evening with a good movie. Feeling relaxed.",relaxed
2023-08-05,"Had a productive day at work. Feeling accomplished.",happy
2023-08-06,"Feeling overwhelmed with tasks. Trying to manage stress.",overwhelmed
2023-08-07,"Had a fun day exploring new places. Feeling joyful and inspired.",happy
2023-08-08,"Spent the day with family. Feeling loved and happy.",happy
2023-08-09,"Had a busy day running errands. Feeling tired.",tired
2023-08-10,"Had a relaxing day at home. Feeling calm and content.",calm
2023-08-11,"Had a productive day working on a creative project. Feeling inspired.",happy
2023-08-12,"Feeling anxious about upcoming events. Trying to stay positive.",anxious
2023-08-13,"Spent the day with friends. Feeling happy and uplifted.",happy
2023-08-14,"Had a fun day with family. Feeling joyful and fulfilled.",happy
2023-08-15,"Had a busy day with lots of tasks. Feeling tired.",tired
2023-08-16,"Had a relaxing evening with a good book. Feeling calm and content.",calm
2023-08-17,"Had a productive day working on a new project. Feeling inspired.",happy
2023-08-18,"Feeling a bit stressed about work tasks. Trying to stay focused.",stressed
2023-08-19,"Had a fun day exploring new activities. Feeling joyful and inspired.",happy
2023-08-20,"Feeling overwhelmed with tasks. Trying to manage stress.",overwhelmed
2023-08-21,"Had a relaxing day at home. Feeling calm and content.",calm
2023-08-22,"Spent the day with friends. Feeling happy and uplifted.",happy
2023-08-23,"Had a productive day at work. Feeling satisfied.",happy
2023-08-24,"Feeling anxious about upcoming deadlines. Trying to stay positive.",anxious
2023-08-25,"Had a relaxing evening with a good movie. Feeling relaxed.",relaxed
2023-08-26,"Had a productive day working on a creative project. Feeling inspired.",happy
2023-08-27,"Had a fun day with family. Feeling joyful and happy.",happy
2023-08-28,"Feeling a bit stressed about work tasks. Trying to stay focused.",stressed
2023-08-29,"Had a busy day with lots of tasks. Feeling tired.",tired
2023-08-30,"Had a relaxing day at home. Feeling calm and content.",calm
2023-08-31,"Spent the day with friends. Feeling happy and uplifted.",happy
2023-09-01,"Had a productive day working on a new project. Feeling inspired.",happy
2023-09-02,"Feeling anxious about upcoming deadlines. Trying to stay positive.",anxious
2023-09-03,"Had a relaxing evening with a good movie. Feeling relaxed.",relaxed
2023-09-04,"Had a productive day at work. Feeling accomplished.",happy
2023-09-05,"Feeling overwhelmed with tasks. Trying to manage stress.",overwhelmed
2023-09-06,"Had a fun day exploring new places. Feeling joyful and inspired.",happy
2023-09-07,"Spent the day with family. Feeling loved and happy.",happy
2023-09-08,"Had a busy day running errands. Feeling tired.",tired
2023-09-09,"Had a relaxing day at home. Feeling calm and content.",calm
2023-09-10,"Had a productive day working on a creative project. Feeling inspired.",happy
2023-09-11,"Feeling anxious about upcoming events. Trying to stay positive.",anxious
2023-09-12,"Spent the day with friends. Feeling happy and uplifted.",happy
2023-09-13,"Had a fun day with family. Feeling joyful and fulfilled.",happy
2023-09-14,"Had a busy day with lots of tasks. Feeling tired.",tired
2023-09-15,"Had a relaxing evening with a good book. Feeling calm and content.",calm
2023-09-16,"Had a productive day working on a new project. Feeling inspired.",happy
2023-09-17,"Feeling a bit stressed about work tasks. Trying to stay focused.",stressed
2023-09-18,"Had a fun day exploring new activities. Feeling joyful and inspired.",happy
2023-09-19,"Feeling overwhelmed with tasks. Trying to manage stress.",overwhelmed
2023-09-20,"Had a relaxing day at home. Feeling calm and content.",calm
2023-09-21,"Spent the day with friends. Feeling happy and uplifted.",happy
2023-09-22,"Had a productive day at work. Feeling satisfied.",happy
2023-09-23,"Feeling anxious about upcoming deadlines. Trying to stay positive.",anxious
2023-09-24,"Had a relaxing evening with a good movie. Feeling relaxed.",relaxed
2023-09-25,"Had a productive day working on a creative project. Feeling inspired.",happy
2023-09-26,"Had a fun day with family. Feeling joyful and happy.",happy
2023-09-27,"Feeling a bit stressed about work tasks. Trying to stay focused.",stressed
2023-09-28,"Had a busy day with lots of tasks. Feeling tired.",tired
2023-09-29,"Had a relaxing day at home. Feeling calm and content.",calm
2023-09-30,"Spent the day with friends. Feeling happy and uplifted.",happy
2023-10-01,"Had a productive day working on a new project. Feeling inspired.",happy
2023-10-02,"Feeling anxious about upcoming deadlines. Trying to stay positive.",anxious
2023-10-03,"Had a relaxing evening with a good movie. Feeling relaxed.",relaxed
2023-10-04,"Had a productive day at work. Feeling accomplished.",happy
2023-10-05,"Feeling overwhelmed with tasks. Trying to manage stress.",overwhelmed
2023-10-06,"Had a fun day exploring new places. Feeling joyful and inspired.",happy
2023-10-07,"Spent the day with family. Feeling loved and happy.",happy
2023-10-08,"Had a busy day running errands. Feeling tired.",tired
2023-10-09,"Had a relaxing day at home. Feeling calm and content.",calm
2023-10-10,"Had a productive day working on a creative project. Feeling inspired.",happy
2023-10-11,"Feeling anxious about upcoming events. Trying to stay positive.",anxious
2023-10-12,"Spent the day with friends. Feeling happy and uplifted.",happy
2023-10-13,"Had a fun day with family. Feeling joyful and fulfilled.",happy
2023-10-14,"Had a busy day with lots of tasks. Feeling tired.",tired
2023-10-15,"Had a relaxing evening with a good book. Feeling calm and content.",calm
2023-10-16,"Had a productive day working on a new project. Feeling inspired.",happy
2023-10-17,"Feeling a bit stressed about work tasks. Trying to stay focused.",stressed
2023-10-18,"Had a fun day exploring new activities. Feeling joyful and inspired.",happy
2023-10-19,"Feeling overwhelmed with tasks. Trying to manage stress.",overwhelmed
2023-10-20,"Had a relaxing day at home. Feeling calm and content.",calm
2023-10-21,"Spent the day with friends. Feeling happy and uplifted.",happy
2023-10-22,"Had a productive day at work. Feeling satisfied.",happy
2023-10-23,"Feeling anxious about upcoming deadlines. Trying to stay positive.",anxious
2023-10-24,"Had a relaxing evening with a good movie. Feeling relaxed.",relaxed
2023-10-25,"Had a productive day working on a creative project. Feeling inspired.",happy
2023-10-26,"Had a fun day with family. Feeling joyful and happy.",happy
2023-10-27,"Feeling a bit stressed about work tasks. Trying to stay focused.",stressed
2023-10-28,"Had a busy day with lots of tasks. Feeling tired.",tired
2023-10-29,"Had a relaxing day at home. Feeling calm and content.",calm
2023-10-30,"Spent the day with friends. Feeling happy and uplifted.",happy
2023-10-31,"Had a productive day working on a new project. Feeling inspired.",happy
2023-11-01,"Feeling anxious about upcoming deadlines. Trying to stay positive.",anxious
2023-11-02,"Had a relaxing evening with a good movie. Feeling relaxed.",relaxed
2023-11-03,"Had a productive day at work. Feeling accomplished.",happy
2023-11-04,"Feeling overwhelmed with tasks. Trying to manage stress.",overwhelmed
2023-11-05,"Had a fun day exploring new places. Feeling joyful and inspired.",happy
2023-11-06,"Spent the day with family. Feeling loved and happy.",happy
2023-11-07,"Had a busy day running errands. Feeling tired.",tired
2023-11-08,"Had a relaxing day at home. Feeling calm and content.",calm
2023-11-09,"Had a productive day working on a creative project. Feeling inspired.",happy
2023-11-10,"Feeling anxious about upcoming events. Trying to stay positive.",anxious
2023-11-11,"Spent the day with friends. Feeling happy and uplifted.",happy
2023-11-12,"Had a fun day with family. Feeling joyful and fulfilled.",happy
2023-11-13,"Had a busy day with lots of tasks. Feeling tired.",tired
2023-11-14,"Had a relaxing evening with a good book. Feeling calm and content.",calm
2023-11-15,"Had a productive day working on a new project. Feeling inspired.",happy
2023-11-16,"Feeling a bit stressed about work tasks. Trying to stay focused.",stressed
2023-11-17,"Had a fun day exploring new activities. Feeling joyful and inspired.",happy
2023-11-18,"Feeling overwhelmed with tasks. Trying to manage stress.",overwhelmed
2023-11-19,"Had a relaxing day at home. Feeling calm and content.",calm
2023-11-20,"Spent the day with friends. Feeling happy and uplifted.",happy
2023-11-21,"Had a productive day at work. Feeling satisfied.",happy
2023-11-22,"Feeling anxious about upcoming deadlines. Trying to stay positive.",anxious
2023-11-23,"Had a relaxing evening with a good movie. Feeling relaxed.",relaxed
2023-11-24,"Had a productive day working on a creative project. Feeling inspired.",happy
2023-11-25,"Had a fun day with family. Feeling joyful and happy.",happy
2023-11-26,"Feeling a bit stressed about work tasks. Trying to stay focused.",stressed
2023-11-27,"Had a busy day with lots of tasks. Feeling tired.",tired
2023-11-28,"Had a relaxing day at home. Feeling calm and content.",calm
2023-11-29,"Spent the day with friends. Feeling happy and uplifted.",happy
2023-11-30,"Had a productive day working on a new project. Feeling inspired.",happy
2023-12-01,"Feeling anxious about upcoming deadlines. Trying to stay positive.",anxious
2023-12-02,"Had a relaxing evening with a good movie. Feeling relaxed.",relaxed
2023-12-03,"Had a productive day at work. Feeling accomplished.",happy
2023-12-04,"Feeling overwhelmed with tasks. Trying to manage stress.",overwhelmed
2023-12-05,"Had a fun day exploring new places. Feeling joyful and inspired.",happy
2023-12-06,"Spent the day with family. Feeling loved and happy.",happy
2023-12-07,"Had a busy day running errands. Feeling tired.",tired
2023-12-08,"Had a relaxing day at home. Feeling calm and content.",calm
2023-12-09,"Had a productive day working on a creative project. Feeling inspired.",happy
2023-12-10,"Feeling anxious about upcoming events. Trying to stay positive.",anxious
2023-12-11,"Spent the day with friends. Feeling happy and uplifted.",happy
2023-12-12,"Had a fun day with family. Feeling joyful and fulfilled.",happy
2023-12-13,"Had a busy day with lots of tasks. Feeling tired.",tired
2023-12-14,"Had a relaxing evening with a good book. Feeling calm and content.",calm
2023-12-15,"Had a productive day working on a new project. Feeling inspired.",happy
2023-12-16,"Feeling a bit stressed about work tasks. Trying to stay focused.",stressed
2023-12-17,"Had a fun day exploring new activities. Feeling joyful and inspired.",happy
2023-12-18,"Feeling overwhelmed with tasks. Trying to manage stress.",overwhelmed
2023-12-19,"Had a relaxing day at home. Feeling calm and content.",calm
2023-12-20,"Spent the day with friends. Feeling happy and uplifted.",happy
2023-12-21,"Had a productive day at work. Feeling satisfied.",happy
2023-12-22,"Feeling anxious about upcoming deadlines. Trying to stay positive.",anxious
2023-12-23,"Had a relaxing evening with a good movie. Feeling relaxed.",relaxed
2023-12-24,"Had a productive day working on a creative project. Feeling inspired.",happy
2023-12-25,"Had a fun day with family. Feeling joyful and happy.",happy
2023-12-26,"Feeling a bit stressed about work tasks. Trying to stay focused.",stressed
2023-12-27,"Had a busy day with lots of tasks. Feeling tired.",tired
2023-12-28,"Had a relaxing day at home. Feeling calm and content.",calm
2023-12-29,"Spent the day with friends. Feeling happy and uplifted.",happy
2023-12-30,"Had a productive day working on a new project. Feeling inspired.",happy
2023-12-31,"Feeling anxious about upcoming deadlines. Trying to stay positive.",anxious
